{"stats":{"minecraft:dropped":{"minecraft:iron_sword":1,"minecraft:porkchop":2,"minecraft:glass_bottle":2,"minecraft:diamond":1,"croptopia:hops_seed":2,"minecraft:crafting_table":1,"minecraft:warped_roots":1,"minecraft:sheaf_pottery_sherd":5,"born_in_chaos_v1:pieceofdarkmetal":2,"minecraft:emerald":195,"minecraft:gold_nugget":25,"minecraft:sand":83,"minecraft:dark_oak_planks":46,"minecraft:birch_stairs":4,"minecraft:tropical_fish_bucket":1,"minecraft:stone_axe":20,"minecraft:compass":7,"minecraft:ancient_debris":1,"minecraft:iron_nugget":3,"minecraft:cobbled_deepslate":1,"minecraft:wheat":311,"tombstone:gift":1,"camera:image":5,"minecraft:rotten_flesh":426,"minecraft:oak_planks":3,"minecraft:glowstone_dust":2,"minecraft:azure_bluet":1,"alexsmobs:blood_sac":7,"minecraft:coal_ore":22,"minecraft:leather_boots":5,"minecraft:leather_leggings":1,"minecraft:brown_candle":1,"minecraft:glass":412,"born_in_chaos_v1:marigolds":1,"minecraft:golden_boots":4,"minecraft:wheat_seeds":858,"minecraft:deepslate_redstone_ore":80,"minecraft:book":5,"minecraft:prismarine_crystals":2,"minecraft:ink_sac":3,"minecraft:oak_stairs":2,"minecraft:smooth_sandstone_slab":10,"minecraft:white_banner":3,"minecraft:chainmail_leggings":7,"minecraft:smooth_sandstone":35,"minecraft:trapped_chest":2,"tombstone:voodoo_poppet":1,"minecraft:acacia_planks":6,"sophisticatedbackpacks:feeding_upgrade":1,"minecraft:experience_bottle":2,"minecraft:stone_shovel":3,"minecraft:clay_ball":8,"minecraft:name_tag":1,"minecraft:white_terracotta":15,"immersiveengineering:hammer":1,"minecraft:diamond_sword":1,"minecraft:flower_pot":1,"connectedglass:clear_glass":3,"minecraft:spruce_planks":3,"minecraft:spruce_trapdoor":1,"minecraft:bundle":10,"minecraft:diamond_pickaxe":8,"born_in_chaos_v1:bloody_gadfly_eye":1,"minecraft:stone_pressure_plate":2,"minecraft:red_sand":1,"sophisticatedbackpacks:copper_backpack":1,"minecraft:bamboo":3,"minecraft:sandstone":8,"minecraft:bow":8,"minecraft:purple_candle":1,"minecraft:magma_block":1,"minecraft:terracotta":4,"minecraft:moss_block":19,"minecraft:oak_log":4,"minecraft:ender_pearl":4,"minecraft:dark_oak_sapling":12,"minecraft:leather":15,"minecraft:cobblestone_stairs":9,"tombstone:bag_of_seeds":3,"minecraft:dark_oak_log":23,"born_in_chaos_v1:monster_skin":2,"immersiveengineering:ingot_steel":1,"minecraft:snowball":2,"croptopia:sweetpotato_seed":3,"minecraft:gold_ingot":1,"simplyswords:gold_greathammer":1,"minecraft:smooth_sandstone_stairs":2,"minecraft:beetroot":1,"minecraft:acacia_stairs":2,"minecraft:leather_chestplate":1,"minecraft:mangrove_log":4,"minecraft:beetroot_seeds":129,"alexsmobs:guster_eye":1,"minecraft:iron_ore":1,"minecraft:iron_bars":1,"minecraft:smooth_red_sandstone_stairs":3,"minecraft:scaffolding":35,"minecraft:bread":34,"minecraft:golden_helmet":3,"minecraft:cherry_log":17,"minecraft:plenty_pottery_sherd":1,"minecraft:amethyst_block":163,"simplyswords:diamond_warglaive":1,"minecraft:spruce_fence_gate":13,"minecraft:iron_block":240,"minecraft:milk_bucket":2,"born_in_chaos_v1:staffofthe_summoner":1,"minecraft:repeater":1,"alexsmobs:dropbear_claw":7,"minecraft:cactus":2,"minecraft:chiseled_sandstone":4,"mcwwindows:spruce_log_parapet":10,"minecraft:kelp":5,"alexsmobs:small_catfish_bucket":1,"minecraft:magenta_stained_glass_pane":1,"minecraft:copper_ore":5,"minecraft:oak_sapling":70,"minecraft:miner_pottery_sherd":1,"minecraft:spruce_log":321,"sophisticatedbackpacks:tank_upgrade":1,"minecraft:brick":3,"sophisticatedbackpacks:upgrade_base":2,"minecraft:clay":9,"minecraft:piston":1,"elevatorid:elevator_white":1,"connectedglass:borderless_glass":4,"minecraft:crossbow":2,"minecraft:rooted_dirt":1,"minecraft:red_sandstone_wall":1,"minecraft:leather_helmet":2,"sophisticatedbackpacks:gold_backpack":1,"born_in_chaos_v1:monster_flesh":2,"minecraft:dirt":289,"minecraft:grass":6,"minecraft:yellow_dye":2,"minecraft:chain":6,"minecraft:phantom_membrane":2,"minecraft:sugar":3,"minecraft:polished_blackstone_slab":1,"minecraft:blue_bed":1,"minecraft:bone":376,"minecraft:oak_door":2,"minecraft:sugar_cane":4,"minecraft:salmon":9,"minecraft:yellow_stained_glass_pane":2,"minecraft:charcoal":181,"minecraft:spruce_slab":5,"minecraft:snort_pottery_sherd":1,"minecraft:white_dye":1,"minecraft:lectern":2,"minecraft:egg":1,"alexsmobs:mosquito_proboscis":1,"minecraft:enchanted_book":16,"minecraft:iron_ingot":320,"born_in_chaos_v1:intoxicating_decoction":2,"minecraft:shelter_pottery_sherd":1,"simplyswords:iron_chakram":1,"minecraft:cobblestone":4310,"minecraft:apple":10,"minecraft:granite":7,"born_in_chaos_v1:soul_cutlass":2,"minecraft:coal":272,"minecraft:oxeye_daisy":3,"minecraft:spruce_hanging_sign":1,"minecraft:wooden_hoe":1,"minecraft:diamond_helmet":1,"minecraft:brown_terracotta":12,"minecraft:angler_pottery_sherd":1,"minecraft:string":39,"chipped:massive_stone_bricks":1,"minecraft:paper":6,"minecraft:iron_shovel":1,"minecraft:spruce_sapling":480,"minecraft:moss_carpet":4,"minecraft:stone_sword":13,"born_in_chaos_v1:rotten_fish":3,"minecraft:chicken":2,"minecraft:stone_slab":5,"minecraft:nether_bricks":722,"minecraft:spruce_fence":6,"minecraft:big_dripleaf":1,"minecraft:light_blue_dye":4,"minecraft:potato":637,"minecraft:stone":1308,"minecraft:spider_eye":14,"minecraft:birch_planks":4,"minecraft:brown_mushroom":12,"minecraft:dark_oak_stairs":4,"minecraft:diamond_axe":2,"minecraft:baked_potato":121,"minecraft:decorated_pot":2,"minecraft:flint":9,"minecraft:spruce_leaves":18,"minecraft:cornflower":3,"minecraft:crimson_roots":6,"minecraft:seagrass":4,"minecraft:cut_sandstone":84,"minecraft:polished_blackstone_bricks":2,"minecraft:gravel":119,"minecraft:blackstone":45,"born_in_chaos_v1:fire_dust":20,"born_in_chaos_v1:ethereal_spirit":1,"minecraft:cherry_sapling":7,"minecraft:diamond_shovel":3,"minecraft:carrot":1113,"minecraft:chainmail_chestplate":8,"minecraft:poppy":456,"minecraft:gunpowder":13,"born_in_chaos_v1:chipped_black_argillite_brick":2,"minecraft:blade_pottery_sherd":1,"born_in_chaos_v1:corpse_maggot":45,"minecraft:azalea":2,"minecraft:chainmail_boots":3,"minecraft:arrow":132,"immersiveengineering:seed":660,"minecraft:written_book":3,"minecraft:oak_leaves":42,"minecraft:netherrack":3606,"minecraft:water_bucket":2,"minecraft:mossy_cobblestone":3,"minecraft:minecart":1,"minecraft:diamond_leggings":1,"minecraft:poisonous_potato":12,"minecraft:prismarine_shard":3,"minecraft:lead":1,"minecraft:grass_block":12,"minecraft:stick":172,"born_in_chaos_v1:river_mint":29,"minecraft:torch":65,"croptopia:nectarine":2,"tombstone:grave_dust":46,"minecraft:iron_axe":14,"born_in_chaos_v1:staffof_magic_arrows":3,"minecraft:bucket":17,"minecraft:dandelion":37,"minecraft:redstone":2,"minecraft:red_concrete":387,"alexsmobs:maggot":9,"minecraft:warped_nylium":1,"minecraft:nether_wart":76,"minecraft:coarse_dirt":172,"minecraft:blaze_rod":18,"minecraft:raw_iron":5,"minecraft:wither_skeleton_skull":3,"minecraft:iron_hoe":1,"minecraft:ender_eye":2,"immersiveengineering:shader":1,"minecraft:cut_red_sandstone":2,"alexsmobs:pocket_sand":1,"minecraft:diamond_chestplate":1,"minecraft:golden_sword":10,"minecraft:diamond_boots":1,"minecraft:slime_ball":1,"minecraft:beacon":1,"minecraft:stone_pickaxe":22,"minecraft:calcite":5,"minecraft:heartbreak_pottery_sherd":1},"minecraft:mined":{"minecraft:white_bed":42,"minecraft:granite":16,"immersiveengineering:blastbrick":64,"born_in_chaos_v1:dark_metal_deposit":1,"minecraft:nether_wart":21,"minecraft:spawner":1,"minecraft:polished_blackstone_bricks":14,"minecraft:magma_block":4725,"minecraft:fire":59,"minecraft:barrel":2,"minecraft:fletching_table":47,"minecraft:deepslate_lapis_ore":2,"minecraft:nether_brick_stairs":2,"minecraft:twisting_vines":8,"croptopia:apple_crop":7,"immersiveengineering:connector_lv":11,"minecraft:tripwire":2,"minecraft:cut_sandstone":70,"minecraft:crimson_nylium":44,"storagedrawers:controller":7,"minecraft:powder_snow":14,"minecraft:torch":49,"minecraft:dead_bush":11,"minecraft:nether_brick_slab":1,"minecraft:spruce_wall_sign":5,"minecraft:sugar_cane":67,"minecraft:amethyst_block":166,"minecraft:birch_sapling":5,"minecraft:white_terracotta":22,"minecraft:repeater":7,"sophisticatedbackpacks:diamond_backpack":4,"minecraft:grass":1937,"minecraft:smooth_basalt":3,"immersiveengineering:conveyor_basic":2,"mcwfences:spruce_picket_fence":21,"minecraft:deepslate":18,"minecraft:mossy_cobblestone":3,"minecraft:dark_oak_log":12,"cataclysm:stone_tile_stairs":11,"minecraft:spruce_fence":238,"connectedglass:clear_glass":4,"minecraft:redstone_wire":21,"storagedrawers:spruce_full_drawers_1":7,"born_in_chaos_v1:gnawed_bones":7,"chipped:massive_stone_bricks":212,"mcwfences:spruce_stockade_fence":21,"minecraft:andesite":228,"minecraft:cobblestone_slab":645,"minecraft:vine":12,"minecraft:rail":10,"minecraft:oak_slab":6,"minecraft:birch_stairs":2,"minecraft:redstone_block":8,"minecraft:glass_pane":3,"minecraft:soul_sand":40,"minecraft:dandelion":5,"minecraft:cornflower":4,"minecraft:warped_roots":1,"minecraft:campfire":2,"minecraft:tall_grass":758,"minecraft:copper_ore":87,"minecraft:deepslate_gold_ore":12,"minecraft:warped_wart_block":3,"minecraft:coarse_dirt":379,"minecraft:cobblestone_wall":5,"minecraft:red_sandstone_wall":1,"storagedrawers:spruce_trim":36,"minecraft:gravel":7151,"minecraft:cobweb":49,"minecraft:brown_terracotta":12,"minecraft:chipped_anvil":1,"minecraft:fern":1,"minecraft:stone_pressure_plate":3,"minecraft:oak_sapling":18,"minecraft:farmland":1,"connectedglass:borderless_glass":4,"minecraft:orange_stained_glass":2,"minecraft:brewing_stand":5,"minecraft:spruce_trapdoor":175,"minecraft:budding_amethyst":9,"sophisticatedbackpacks:iron_backpack":17,"minecraft:composter":4,"minecraft:gilded_blackstone":2,"immersiveengineering:deepslate_ore_uranium":13,"framedblocks:framing_saw":2,"immersiveengineering:sheetmetal_steel":16,"minecraft:brown_bed":5,"minecraft:iron_bars":1,"sophisticatedbackpacks:copper_backpack":3,"minecraft:spruce_slab":132,"minecraft:deepslate_redstone_ore":243,"minecraft:gray_terracotta":2,"chipped:patient_stripped_spruce_log":1,"minecraft:orange_terracotta":1,"framedblocks:framed_stairs":2,"minecraft:beacon":4,"minecraft:nether_quartz_ore":31,"minecraft:wither_skeleton_wall_skull":2,"minecraft:oak_planks":161,"minecraft:wall_torch":12,"minecraft:warped_nylium":9,"minecraft:dark_oak_slab":88,"immersiveengineering:connector_mv":3,"born_in_chaos_v1:river_mint":10,"minecraft:tnt":14,"minecraft:oak_log":69,"minecraft:beetroots":3,"minecraft:dirt":10914,"immersiveengineering:steel_fence":8,"minecraft:ancient_debris":6,"framedblocks:framed_slab":118,"chipped:small_gray_terracotta_tiles":17,"immersiveengineering:blast_furnace":3,"chipped:mason_table":6,"minecraft:red_stained_glass":3,"immersiveengineering:cloche":10,"born_in_chaos_v1:infected_diamond_ore":4,"minecraft:lever":9,"minecraft:ladder":1,"minecraft:yellow_candle":1,"minecraft:decorated_pot":9,"minecraft:spruce_leaves":3276,"elevatorid:elevator_yellow":1,"minecraft:hay_block":33,"immersiveengineering:dynamo":11,"minecraft:raw_gold_block":1,"minecraft:nether_sprouts":2,"minecraft:gold_block":2,"minecraft:bookshelf":99,"framedblocks:framed_double_slope_slab":2,"sophisticatedbackpacks:backpack":1,"minecraft:scaffolding":434,"born_in_chaos_v1:marigolds":6,"minecraft:snow_block":52,"minecraft:stripped_dark_oak_log":2,"minecraft:oak_fence":1,"minecraft:red_concrete":1120,"chipped:grill_red_concrete":11,"mcwwindows:spruce_log_parapet":14,"immersiveengineering:capacitor_lv":6,"minecraft:birch_planks":2,"minecraft:polished_blackstone_slab":1,"minecraft:white_wall_banner":1,"elevatorid:elevator_white":2,"immersiveengineering:steel_scaffolding_standard":13,"storagedrawers:spruce_full_drawers_4":43,"immersiveengineering:crusher":1,"minecraft:dark_oak_planks":21,"cataclysm:stone_tiles":305,"minecraft:obsidian":96,"minecraft:red_sand":1,"minecraft:smooth_red_sandstone_stairs":3,"minecraft:hopper":44,"minecraft:weeping_vines_plant":1,"minecraft:sticky_piston":2,"immersiveengineering:deepslate_ore_silver":25,"immersiveengineering:deepslate_ore_nickel":7,"mcwfences:wooden_cheval_de_frise":4,"minecraft:water_cauldron":1,"minecraft:dirt_path":351,"minecraft:oak_stairs":3,"minecraft:smooth_sandstone_stairs":2,"minecraft:iron_block":423,"minecraft:red_bed":54,"minecraft:soul_fire":28,"minecraft:amethyst_cluster":2,"minecraft:blast_furnace":11,"born_in_chaos_v1:smoldering_scorched_log":3,"minecraft:glass":9,"alexsmobs:gustmaker":1,"minecraft:damaged_anvil":4,"minecraft:smooth_sandstone_slab":6,"minecraft:spruce_sign":1,"minecraft:skeleton_skull":1,"immersiveengineering:alloy_smelter":1,"immersiveengineering:cokebrick":26,"minecraft:oak_fence_gate":3,"chipped:lumpy_stripped_spruce_log":1,"minecraft:stonecutter":12,"minecraft:cut_red_sandstone":4,"minecraft:yellow_stained_glass":4,"minecraft:piston":19,"minecraft:yellow_terracotta":13,"croptopia:orange_crop":1,"chipped:creeper_red_concrete":1,"minecraft:nether_bricks":787,"immersiveengineering:windmill":8,"minecraft:jungle_planks":17,"immersiveengineering:coke_oven":2,"minecraft:moss_block":15,"minecraft:red_sandstone":1,"minecraft:snow":19,"minecraft:warped_stem":2,"minecraft:bamboo":38,"minecraft:white_wool":9,"immersiveengineering:ore_aluminum":39,"minecraft:smithing_table":6,"framedblocks:framed_double_slab":53,"minecraft:observer":1,"minecraft:smooth_sandstone":52,"chipped:carpenters_table":1,"immersiveengineering:watermill":1,"minecraft:white_carpet":2,"minecraft:spruce_log":1201,"minecraft:acacia_planks":6,"minecraft:spruce_fence_gate":3,"framedblocks:framed_sliced_stairs_slab":2,"minecraft:large_amethyst_bud":1,"minecraft:spruce_planks":1048,"immersiveengineering:fluid_pipe":21,"minecraft:cobblestone_stairs":6,"sophisticatedbackpacks:gold_backpack":6,"minecraft:potted_cactus":1,"minecraft:grass_block":17361,"minecraft:glowstone":5,"minecraft:iron_ore":50,"minecraft:target":4,"connectedglass:clear_glass_red":1,"minecraft:azure_bluet":2,"minecraft:dark_oak_stairs":20,"minecraft:black_candle":2,"immersiveengineering:ore_lead":53,"minecraft:green_bed":1,"minecraft:blackstone":120,"minecraft:twisting_vines_plant":4,"minecraft:clay":127,"minecraft:calcite":5,"minecraft:poppy":4,"minecraft:chest":49,"minecraft:cobblestone":908,"minecraft:grindstone":6,"cataclysm:stone_tile_slab":3,"immersiveengineering:alloybrick":11,"croptopia:nectarine_crop":2,"minecraft:yellow_wool":9,"minecraft:birch_log":10,"immersiveengineering:deepslate_ore_lead":26,"immersiveengineering:fluid_pump":6,"minecraft:sand":7429,"minecraft:netherrack":5606,"minecraft:oak_leaves":51,"minecraft:nether_gold_ore":61,"minecraft:deepslate_diamond_ore":21,"minecraft:candle":2,"minecraft:oak_door":2,"fantasyfurniture:furniture_station":1,"cataclysm:stone_tile_wall":3,"minecraft:sandstone":7,"minecraft:rooted_dirt":11,"storagedrawers:spruce_full_drawers_2":2,"minecraft:oak_trapdoor":9,"minecraft:spruce_sapling":15,"minecraft:furnace":3,"minecraft:carrots":3,"minecraft:red_concrete_powder":67,"minecraft:chiseled_sandstone":6,"minecraft:acacia_stairs":4,"minecraft:dark_oak_fence_gate":3,"minecraft:stripped_spruce_log":69,"minecraft:bell":3,"minecraft:lantern":9,"minecraft:packed_ice":1,"immersiveengineering:light_engineering":9,"immersiveengineering:rs_engineering":1,"minecraft:stone":43042,"minecraft:podzol":1,"minecraft:crafting_table":10,"storagedrawers:controller_slave":5,"minecraft:lectern":1757,"minecraft:andesite_wall":21,"born_in_chaos_v1:chipped_black_argillite_brick":2,"minecraft:blue_bed":10,"minecraft:spruce_stairs":108,"minecraft:lime_bed":4,"immersiveengineering:connector_lv_relay":12,"chipped:etched_stone_bricks":4,"minecraft:redstone_torch":2,"minecraft:sweet_berry_bush":1,"mcwwindows:spruce_curtain_rod":2,"minecraft:yellow_bed":11,"minecraft:coal_ore":382,"minecraft:terracotta":2060},"minecraft:killed":{"born_in_chaos_v1:mr_pumpkin":4,"born_in_chaos_v1:zombie_lumberjack":5,"born_in_chaos_v1:skeleton_demoman":3,"born_in_chaos_v1:sir_the_headless":1,"born_in_chaos_v1:bone_imp":88,"minecraft:iron_golem":17,"minecraft:pillager":72,"minecraft:zombie":170,"mowziesmobs:naga":1,"minecraft:evoker":3,"minecraft:vindicator":20,"born_in_chaos_v1:firelight":17,"minecraft:husk":4,"minecraft:ravager":7,"born_in_chaos_v1:bloody_gadfly":9,"goblintraders:vein_goblin_trader":2,"minecraft:zombified_piglin":260,"minecraft:witch":6,"minecraft:spider":53,"cataclysm:netherite_monstrosity":1,"minecraft:wither":1,"born_in_chaos_v1:firelight_not_despawn":3,"minecraft:piglin":6,"born_in_chaos_v1:bonescaller":1,"minecraft:zombie_villager":5,"born_in_chaos_v1:glutton_fish":1,"alexsmobs:crimson_mosquito":11,"minecraft:sheep":2,"minecraft:trader_llama":8,"born_in_chaos_v1:zombie_fisherman":2,"minecraft:ghast":4,"born_in_chaos_v1:siamese_skeletonsleft":1,"minecraft:vex":3,"minecraft:slime":5,"born_in_chaos_v1:zombie_bruiser":2,"minecraft:drowned":1,"born_in_chaos_v1:corpse_fish":1,"born_in_chaos_v1:baby_skeleton":6,"born_in_chaos_v1:swarmer":1,"minecraft:hoglin":1,"minecraft:squid":6,"tombstone:spectral_wolf":2,"minecraft:wither_skeleton":142,"born_in_chaos_v1:decaying_zombie_not_despawn":1,"alexsmobs:lobster":1,"minecraft:cave_spider":6,"born_in_chaos_v1:restless_spirit":2,"born_in_chaos_v1:door_knight_not_despawn":1,"born_in_chaos_v1:siamese_skeletonsright":1,"born_in_chaos_v1:baby_skeleton_minion":8,"minecraft:skeleton":114,"minecraft:chicken":1,"born_in_chaos_v1:skeleton_thrasher":2,"born_in_chaos_v1:supreme_bonescaller_stage_2":1,"minecraft:magma_cube":76,"born_in_chaos_v1:corpse_fly":8,"born_in_chaos_v1:door_knight":3,"minecraft:cow":2,"born_in_chaos_v1:pumpkinhead":1,"born_in_chaos_v1:dire_hound_leader":1,"born_in_chaos_v1:barrel_zombie":15,"alexsmobs:guster":1,"born_in_chaos_v1:bone_imp_minion":11,"minecraft:wandering_trader":5,"born_in_chaos_v1:decrepit_skeleton":15,"born_in_chaos_v1:dark_vortex":2,"minecraft:enderman":7,"born_in_chaos_v1:lifestealer_true_form":4,"born_in_chaos_v1:zombie_clown":2,"mowziesmobs:umvuthi":1,"minecraft:pig":1,"born_in_chaos_v1:diamond_termite":4,"minecraft:creeper":34,"born_in_chaos_v1:dread_hound":7,"minecraft:stray":6,"alexsmobs:fly":5,"minecraft:blaze":89,"alexsmobs:dropbear":23,"born_in_chaos_v1:maggot":188,"minecraft:phantom":18,"minecraft:panda":1,"mowziesmobs:umvuthana":1,"born_in_chaos_v1:mr_pumpkin_controlled":1,"minecraft:bat":3,"born_in_chaos_v1:bonescaller_not_despawn":2,"alexsmobs:crow":1},"minecraft:broken":{"minecraft:diamond_helmet":1,"minecraft:shears":14,"minecraft:diamond_shovel":2,"minecraft:diamond_pickaxe":2,"minecraft:crossbow":2,"minecraft:diamond_leggings":2,"minecraft:iron_pickaxe":1,"minecraft:diamond_boots":1,"minecraft:stone_axe":3,"minecraft:stone_shovel":1,"minecraft:diamond_chestplate":1,"minecraft:diamond_axe":8,"minecraft:bow":1,"minecraft:iron_axe":14},"minecraft:used":{"minecraft:moss_block":2,"minecraft:poppy":9,"minecraft:stone":715,"minecraft:soul_sand":12,"mcwfences:wooden_cheval_de_frise":4,"minecraft:snowball":7,"minecraft:azure_bluet":2,"minecraft:spruce_boat":11,"immersiveengineering:rs_engineering":1,"cataclysm:infernal_forge":5,"minecraft:lava_bucket":25,"immersiveengineering:windmill":10,"immersiveengineering:connector_lv_relay":17,"minecraft:dark_oak_slab":585,"minecraft:bow":614,"minecraft:oak_sapling":24,"minecraft:damaged_anvil":4,"minecraft:blackstone":68,"minecraft:wooden_pickaxe":22,"minecraft:composter":2,"storagedrawers:spruce_full_drawers_2":22,"tombstone:tablet_of_guard":1,"minecraft:clay":95,"minecraft:jungle_boat":1,"minecraft:golden_apple":3,"simplyswords:diamond_warglaive":2571,"minecraft:blast_furnace":4,"croptopia:orange":17,"minecraft:red_sandstone":1,"minecraft:cut_red_sandstone":1,"minecraft:diamond_sword":144,"minecraft:smithing_table":7,"minecraft:birch_log":6,"minecraft:oak_boat":11,"chipped:carpenters_table":2,"chipped:massive_stone_bricks":19734,"minecraft:oak_trapdoor":1,"camera:image_frame":3,"minecraft:torch":854,"minecraft:brewing_stand":6,"minecraft:oak_fence_gate":4,"immersiveengineering:steel_fence":8,"minecraft:chipped_anvil":1,"minecraft:iron_block":253,"born_in_chaos_v1:smoldering_scorched_log":3,"minecraft:barrel":7,"minecraft:bamboo":5,"minecraft:diamond_chestplate":3,"immersiveengineering:wirecoil_electrum":16,"sophisticatedbackpacks:gold_backpack":10,"fantasyfurniture:nordic/wool":1,"storagedrawers:spruce_full_drawers_4":50,"minecraft:spruce_fence_gate":43,"minecraft:rail":16,"minecraft:red_bed":54,"chipped:grill_red_concrete":57,"minecraft:campfire":74,"minecraft:white_bed":41,"minecraft:spruce_log":3444,"minecraft:diamond_pickaxe":61982,"minecraft:diamond_shovel":44504,"immersiveengineering:light_engineering":10,"tombstone:magic_scroll":34,"minecraft:spruce_trapdoor":468,"minecraft:spruce_sapling":161,"fantasyfurniture:furniture_station":2,"minecraft:potion":3,"minecraft:cooked_porkchop":5,"immersiveengineering:blastbrick_reinforced":27,"minecraft:repeating_command_block":1,"minecraft:brush":49,"mcwfences:spruce_stockade_fence":83,"minecraft:cherry_sapling":4,"minecraft:decorated_pot":4,"minecraft:nether_wart":1,"tombstone:lollipop":48,"minecraft:spruce_leaves":2761,"alexsmobs:pocket_sand":7,"minecraft:jungle_planks":22,"cataclysm:stone_tiles":502,"immersiveengineering:connector_lv":25,"immersiveengineering:cokebrick":28,"minecraft:obsidian":15,"minecraft:big_dripleaf":2,"minecraft:lantern":44,"minecraft:item_frame":5,"minecraft:written_book":5,"born_in_chaos_v1:fel_lamp":3,"minecraft:dark_oak_sapling":12,"cataclysm:monstrous_helm":3,"chipped:lumpy_stripped_spruce_log":2,"elevatorid:elevator_yellow":3,"minecraft:diamond_boots":2,"minecraft:wither_skeleton_skull":6,"minecraft:stone_pickaxe":67,"minecraft:oak_planks":149,"minecraft:sandstone":6,"minecraft:diamond_axe":6730,"minecraft:sugar_cane":100,"chipped:creeper_red_concrete":2,"simplyswords:iron_chakram":4,"minecraft:crossbow":6,"waystones:waystone":3,"minecraft:lever":13,"minecraft:dark_oak_log":55,"minecraft:bread":106,"tombstone:grave_key":22,"minecraft:deepslate":8,"immersiveengineering:wirecoil_copper":121,"minecraft:coarse_dirt":42,"minecraft:bone_meal":1262,"sophisticatedbackpacks:iron_backpack":22,"minecraft:flint_and_steel":18,"minecraft:redstone":38,"framedblocks:framed_stairs":12,"minecraft:cooked_chicken":1,"minecraft:dirt":3693,"immersiveengineering:fluid_pipe":21,"minecraft:spruce_fence":749,"minecraft:iron_hoe":13,"elevatorid:elevator_purple":1,"chipped:patient_stripped_spruce_log":1,"minecraft:oak_stairs":2,"minecraft:minecart":266,"immersiveengineering:alloybrick":28,"immersiveengineering:blastbrick":67,"minecraft:cooked_beef":16,"minecraft:powder_snow_bucket":2,"immersiveengineering:dynamo":13,"immersiveengineering:cloche":11,"framedblocks:framed_sliced_stairs_slab":2,"minecraft:snow_block":1,"minecraft:baked_potato":1121,"minecraft:cut_sandstone":67,"minecraft:spruce_sign":12,"minecraft:green_bed":1,"minecraft:warped_roots":3,"minecraft:gray_terracotta":2,"minecraft:piston":43,"minecraft:flower_pot":1,"minecraft:command_block":2,"storagedrawers:controller_slave":5,"mowziesmobs:sol_visage":2,"minecraft:stone_axe":48,"born_in_chaos_v1:pile_of_skulls":1,"minecraft:chain_command_block":1,"minecraft:pumpkin_pie":9,"alexsmobs:animal_dictionary":6,"immersiveengineering:fluid_pump":6,"minecraft:spruce_slab":412,"sophisticatedbackpacks:copper_backpack":8,"minecraft:ladder":4,"minecraft:chest":65,"born_in_chaos_v1:soul_cutlass":17,"minecraft:stripped_spruce_log":18,"born_in_chaos_v1:smoked_flesh":3,"minecraft:grass_block":2359,"storagedrawers:spruce_trim":111,"minecraft:snow":61,"minecraft:dark_oak_boat":7,"minecraft:sweet_berries":1,"minecraft:furnace":3,"minecraft:egg":4,"minecraft:potato":9,"mcwwindows:spruce_log_parapet":14,"storagedrawers:spruce_full_drawers_1":12,"elevatorid:elevator_white":5,"minecraft:sand":36,"framedblocks:framing_saw":2,"immersiveengineering:hammer":42,"minecraft:chiseled_sandstone":2,"minecraft:lectern":1766,"chipped:small_gray_terracotta_tiles":451,"born_in_chaos_v1:dark_ritual_dagger":2,"immersiveengineering:connector_mv":12,"framedblocks:framed_slab":438,"minecraft:red_concrete":94,"immersiveengineering:ore_lead":13,"born_in_chaos_v1:fried_maggot":247,"minecraft:netherrack":1071,"minecraft:anvil":1,"minecraft:warped_wart_block":3,"minecraft:target":14,"minecraft:twisting_vines":8,"minecraft:nether_brick_slab":1,"minecraft:nether_brick_stairs":1,"immersiveengineering:connector_mv_relay":1,"minecraft:rooted_dirt":4,"minecraft:iron_axe":584,"storagedrawers:controller":11,"mcwfences:spruce_picket_fence":23,"minecraft:totem_of_undying":2,"minecraft:glowstone":5,"minecraft:goat_horn":3,"tombstone:gift":14,"minecraft:orange_terracotta":1,"minecraft:cobbled_deepslate":4,"minecraft:observer":2,"minecraft:water_bucket":407,"fantasyfurniture:venthyr/desk_left":1,"minecraft:fletching_table":49,"minecraft:polished_blackstone_bricks":13,"simplyswords:gold_greathammer":1,"minecraft:vine":4,"minecraft:oak_slab":8,"minecraft:tnt":2,"minecraft:crafting_table":12,"mcwwindows:spruce_curtain_rod":2,"minecraft:dark_oak_fence_gate":3,"cataclysm:stone_tile_stairs":41,"minecraft:oak_log":26,"minecraft:iron_pickaxe":462,"born_in_chaos_v1:staffofthe_summoner":39,"minecraft:crimson_nylium":1,"minecraft:cobblestone":1356,"minecraft:red_concrete_powder":4222,"immersiveengineering:steel_scaffolding_standard":13,"framedblocks:framed_double_slope_slab":2,"minecraft:iron_shovel":354,"born_in_chaos_v1:intoxicating_decoction":1,"immersiveengineering:seed":1,"minecraft:shield":6,"minecraft:white_terracotta":1,"minecraft:iron_sword":146,"minecraft:bell":3,"minecraft:nether_bricks":13,"minecraft:carrot":275,"minecraft:milk_bucket":5,"sophisticatedbackpacks:diamond_backpack":3,"minecraft:glass":374,"born_in_chaos_v1:corpse_maggot":2,"minecraft:coal_ore":28,"alexsmobs:gustmaker":1,"born_in_chaos_v1:gnawed_bones":5,"minecraft:hopper_minecart":5,"minecraft:repeater":5,"minecraft:magma_block":2934,"minecraft:warped_fungus":1,"minecraft:scaffolding":1730,"minecraft:beetroot_seeds":2,"cataclysm:stone_tile_slab":11,"minecraft:dark_oak_stairs":80,"immersiveengineering:fertilizer":2,"minecraft:ender_pearl":10,"immersiveengineering:sheetmetal_steel":16,"minecraft:redstone_block":7,"minecraft:blue_bed":12,"minecraft:yellow_terracotta":13,"minecraft:shears":3221,"minecraft:redstone_torch":2,"sophisticatedbackpacks:backpack":2,"minecraft:string":2,"minecraft:gravel":95,"minecraft:grindstone":7,"minecraft:andesite":145,"minecraft:air":2,"minecraft:cobweb":43,"minecraft:oak_fence":2,"immersiveengineering:conveyor_basic":2,"minecraft:stone_shovel":473,"minecraft:spruce_planks":5414,"minecraft:white_carpet":6,"minecraft:hopper":54,"minecraft:spruce_stairs":688,"minecraft:cobblestone_wall":46,"minecraft:diamond_helmet":1,"minecraft:granite":9,"minecraft:andesite_wall":55,"minecraft:dark_oak_planks":121,"minecraft:bookshelf":99,"minecraft:yellow_stained_glass":48,"minecraft:brown_bed":5,"minecraft:cooked_mutton":11,"minecraft:amethyst_block":3,"minecraft:iron_ore":1,"minecraft:glass_bottle":3,"immersiveengineering:capacitor_lv":7,"croptopia:apricot":4,"minecraft:beacon":4,"minecraft:stonecutter":12,"minecraft:cobblestone_slab":2036,"cataclysm:stone_tile_wall":59,"minecraft:glow_item_frame":1,"minecraft:terracotta":2,"chipped:mason_table":7,"minecraft:lime_bed":1,"croptopia:cherry":2,"minecraft:painting":12,"tombstone:bag_of_seeds":2,"minecraft:acacia_stairs":2,"minecraft:apple":61,"minecraft:map":1,"chipped:etched_stone_bricks":4,"minecraft:white_banner":3,"minecraft:bucket":459,"minecraft:yellow_bed":11,"minecraft:splash_potion":2},"minecraft:killed_by":{"born_in_chaos_v1:lifestealer_true_form":1,"born_in_chaos_v1:firelight":1,"alexsmobs:dropbear":2,"minecraft:skeleton":1,"born_in_chaos_v1:nightmare_stalker":1,"minecraft:vex":1,"cataclysm:netherite_monstrosity":1,"minecraft:wither_skeleton":2,"minecraft:creeper":1,"minecraft:player":3,"minecraft:enderman":1,"mowziesmobs:ferrous_wroughtnaut":1},"minecraft:picked_up":{"waystones:warp_stone":1,"minecraft:smithing_table":6,"minecraft:lead":11,"minecraft:enchanted_book":5,"immersiveengineering:blastbrick":67,"minecraft:string":128,"connectedglass:clear_glass":3,"minecraft:pufferfish":1,"minecraft:diamond_leggings":2,"minecraft:hopper_minecart":5,"immersiveengineering:shader_bag_epic":1,"born_in_chaos_v1:shattered_skull":4,"minecraft:big_dripleaf":3,"minecraft:cauldron":1,"minecraft:stone_sword":14,"minecraft:blackstone_wall":1,"elevatorid:elevator_yellow":3,"minecraft:white_terracotta":16,"minecraft:blaze_rod":114,"minecraft:iron_bars":1,"minecraft:snowball":229,"minecraft:dune_armor_trim_smithing_template":2,"minecraft:cooked_beef":2,"minecraft:feather":16,"minecraft:dark_oak_boat":6,"minecraft:flint":32,"immersiveengineering:watermill":1,"minecraft:lantern":23,"born_in_chaos_v1:marigolds":5,"minecraft:stonecutter":12,"croptopia:roe":23,"immersiveengineering:raw_uranium":28,"minecraft:stripped_spruce_log":83,"sophisticatedbackpacks:iron_backpack":20,"minecraft:acacia_stairs":4,"cataclysm:stone_tiles":488,"croptopia:cherry":2,"minecraft:deepslate":8,"minecraft:angler_pottery_sherd":2,"minecraft:lever":13,"minecraft:granite":16,"minecraft:spruce_button":64,"minecraft:rooted_dirt":9,"immersiveengineering:raw_nickel":15,"born_in_chaos_v1:rotten_fish":33,"immersiveengineering:conveyor_basic":2,"minecraft:crimson_roots":7,"minecraft:diamond_pickaxe":5,"sophisticatedbackpacks:gold_backpack":11,"minecraft:shelter_pottery_sherd":2,"minecraft:clay_ball":463,"minecraft:leather_leggings":2,"born_in_chaos_v1:seedof_chaos":12,"minecraft:yellow_candle":3,"minecraft:fire_coral":1,"minecraft:cornflower":4,"camera:image_frame":2,"born_in_chaos_v1:intoxicating_decoction":4,"minecraft:white_carpet":32,"minecraft:poppy":45,"minecraft:spruce_slab":139,"minecraft:minecart":84,"immersiveengineering:stick_steel":4,"minecraft:birch_sapling":16,"minecraft:piston":21,"minecraft:copper_ore":5,"minecraft:stone":4326,"minecraft:raw_gold_block":1,"sophisticatedbackpacks:backpack":2,"minecraft:white_dye":1,"born_in_chaos_v1:pieceofdarkmetal":24,"minecraft:diamond_chestplate":2,"minecraft:decorated_pot":7,"minecraft:hay_block":33,"minecraft:yellow_terracotta":13,"born_in_chaos_v1:spiny_shell":3,"minecraft:totem_of_undying":4,"sophisticatedbackpacks:copper_backpack":13,"immersiveengineering:rs_engineering":5,"fantasyfurniture:nordic/wool":41,"minecraft:mutton":3,"minecraft:oxeye_daisy":3,"minecraft:rail":29,"minecraft:heartbreak_pottery_sherd":1,"minecraft:lime_bed":4,"born_in_chaos_v1:monster_flesh":13,"minecraft:yellow_dye":192,"minecraft:blackstone_slab":2,"immersiveengineering:dynamo":11,"alexsmobs:mosquito_proboscis":2,"minecraft:paper":21,"immersiveengineering:slag":8,"immersiveengineering:cokebrick":28,"born_in_chaos_v1:soul_cutlass":4,"minecraft:apple":59,"minecraft:warped_stem":2,"minecraft:oak_fence_gate":3,"born_in_chaos_v1:smoked_flesh":8,"minecraft:stone_pickaxe":11,"minecraft:iron_ore":2,"minecraft:blade_pottery_sherd":1,"tombstone:bag_of_seeds":8,"minecraft:dark_oak_stairs":20,"minecraft:smooth_basalt":3,"minecraft:milk_bucket":2,"minecraft:sweet_berries":2,"storagedrawers:controller_slave":5,"born_in_chaos_v1:orbofthe_summoner":1,"born_in_chaos_v1:fangofthe_hound_leader":3,"minecraft:leather_helmet":3,"minecraft:diamond_shovel":1,"minecraft:coal_ore":28,"minecraft:slime_ball":11,"minecraft:snort_pottery_sherd":1,"immersiveengineering:seed":1096,"born_in_chaos_v1:pile_of_skulls":1,"minecraft:deepslate_redstone_ore":80,"minecraft:painting":11,"minecraft:baked_potato":712,"immersiveengineering:connector_mv":5,"immersiveengineering:raw_silver":57,"minecraft:hopper":64,"minecraft:nether_brick_fence":1,"immersiveengineering:wirecoil_electrum":2,"minecraft:yellow_wool":7,"minecraft:gilded_blackstone":6,"alexsmobs:dropbear_claw":39,"immersiveengineering:raw_lead":149,"alexsmobs:blood_sac":9,"minecraft:red_sand":1,"minecraft:bucket":19,"minecraft:red_dye":18,"minecraft:rose_bush":380,"minecraft:cobblestone_slab":829,"minecraft:azalea":3,"minecraft:iron_pickaxe":1,"born_in_chaos_v1:stimulating_decoction":1,"born_in_chaos_v1:smoldering_scorched_log":3,"croptopia:cinnamon_sapling":2,"minecraft:tipped_arrow":9,"minecraft:spruce_stairs":107,"minecraft:vine":12,"fantasyfurniture:furniture_station":1,"tombstone:lollipop":46,"mcwfences:spruce_picket_fence":20,"minecraft:andesite_wall":16,"minecraft:rotten_flesh":722,"minecraft:obsidian":99,"minecraft:blaze_powder":7,"minecraft:cobblestone":9580,"minecraft:leather_chestplate":1,"minecraft:repeater":8,"alexsmobs:gustmaker":1,"croptopia:nectarine":2,"minecraft:andesite":224,"minecraft:golden_leggings":1,"minecraft:beacon":4,"minecraft:potato":1288,"minecraft:smooth_sandstone_stairs":2,"minecraft:dirt":10415,"minecraft:name_tag":1,"immersiveengineering:hemp_fiber":947,"minecraft:glass":453,"minecraft:bone":624,"minecraft:acacia_planks":6,"minecraft:bow":9,"minecraft:wheat_seeds":1415,"minecraft:grindstone":6,"minecraft:fletching_table":47,"minecraft:bamboo":355,"camera:image":7,"minecraft:red_sandstone_wall":1,"immersiveengineering:raw_aluminum":47,"minecraft:nether_brick_stairs":1,"minecraft:grass_block":5550,"chipped:pegged_red_concrete":1,"minecraft:mossy_cobblestone":6,"chipped:carpenters_table":2,"minecraft:sugar":19,"chipped:massive_stone_bricks":948,"waystones:waystone":4,"minecraft:yellow_stained_glass_pane":2,"minecraft:crossbow":9,"minecraft:bone_meal":354,"minecraft:grass":6,"minecraft:golden_apple":4,"minecraft:spruce_sign":4,"minecraft:emerald":187,"minecraft:netherrack":4974,"born_in_chaos_v1:sea_terror_stomach":1,"minecraft:oak_leaves":42,"born_in_chaos_v1:diamond_termite_shard":5,"minecraft:azure_bluet":3,"croptopia:peach":10,"minecraft:splash_potion":3,"minecraft:ladder":1,"born_in_chaos_v1:river_mint":31,"minecraft:packed_ice":1,"minecraft:brown_mushroom":16,"minecraft:brick":34,"minecraft:oak_trapdoor":8,"minecraft:moss_carpet":6,"immersiveengineering:capacitor_lv":6,"minecraft:blackstone":118,"simplyswords:gold_greathammer":1,"minecraft:polished_blackstone_bricks":15,"mcwwindows:spruce_log_parapet":19,"minecraft:stone_pressure_plate":3,"minecraft:purple_candle":1,"minecraft:nether_bricks":737,"mcwfences:wooden_cheval_de_frise":4,"sophisticatedbackpacks:advanced_magnet_upgrade":1,"minecraft:skeleton_skull":1,"born_in_chaos_v1:corpse_maggot":116,"minecraft:jungle_boat":1,"minecraft:leather":21,"minecraft:chainmail_chestplate":3,"minecraft:cobblestone_wall":5,"minecraft:yellow_bed":11,"minecraft:gunpowder":53,"minecraft:orange_terracotta":1,"minecraft:cooked_mutton":11,"minecraft:iron_ingot":516,"born_in_chaos_v1:chipped_black_argillite_brick":4,"minecraft:cooked_chicken":1,"born_in_chaos_v1:fel_lamp":1,"minecraft:black_candle":5,"minecraft:warped_fungus":1,"croptopia:apricot":11,"minecraft:quartz":45,"minecraft:dandelion":42,"minecraft:amethyst_shard":38,"minecraft:nether_brick_slab":5,"minecraft:cut_red_sandstone":3,"mowziesmobs:naga_fang":2,"minecraft:pumpkin_seeds":33,"minecraft:chainmail_leggings":1,"minecraft:cherry_sapling":11,"minecraft:terracotta":1841,"minecraft:damaged_anvil":4,"minecraft:sunflower":87,"minecraft:seagrass":8,"minecraft:chainmail_boots":2,"minecraft:flower_pot":2,"minecraft:prismarine_shard":11,"minecraft:oak_stairs":6,"minecraft:brown_bed":5,"croptopia:calamari":6,"minecraft:brewing_stand":4,"minecraft:golden_sword":19,"minecraft:amethyst_block":166,"minecraft:beetroot":79,"minecraft:gold_nugget":612,"minecraft:cobbled_deepslate":8,"minecraft:spruce_planks":1122,"minecraft:written_book":2,"minecraft:mangrove_log":4,"minecraft:golden_helmet":3,"minecraft:sheaf_pottery_sherd":5,"minecraft:composter":4,"minecraft:green_bed":1,"born_in_chaos_v1:pileof_dark_metal":1,"minecraft:cherry_log":17,"chipped:creeper_red_concrete":2,"minecraft:black_dye":10,"storagedrawers:emerald_storage_upgrade":1,"minecraft:tropical_fish":11,"minecraft:iron_block":493,"alexsmobs:flying_fish":2,"minecraft:birch_log":102,"born_in_chaos_v1:staffof_magic_arrows":3,"minecraft:magma_block":4484,"born_in_chaos_v1:spiritual_dust":3,"minecraft:jungle_log":9,"chipped:etched_stone_bricks":4,"cataclysm:stone_tile_slab":3,"minecraft:brown_candle":1,"minecraft:twisting_vines":8,"minecraft:chipped_anvil":1,"minecraft:gray_terracotta":3,"minecraft:glowstone_dust":21,"minecraft:moss_block":31,"cataclysm:stone_tile_wall":10,"minecraft:warped_wart_block":3,"minecraft:ink_sac":22,"minecraft:dark_oak_log":840,"minecraft:barrel":2,"minecraft:bundle":27,"alexsmobs:guster_eye":1,"minecraft:miner_pottery_sherd":1,"minecraft:bread":72,"alexsmobs:maggot":13,"minecraft:plenty_pottery_sherd":1,"minecraft:spruce_leaves":3536,"minecraft:coarse_dirt":349,"minecraft:crafting_table":11,"minecraft:nether_wart":25,"cataclysm:stone_tile_stairs":63,"cataclysm:monstrous_helm":1,"chipped:lumpy_stripped_spruce_log":1,"immersiveengineering:manual":1,"minecraft:red_bed":54,"immersiveengineering:windmill":8,"immersiveengineering:fluid_pump":6,"minecraft:beef":4,"born_in_chaos_v1:gnawed_bones":9,"minecraft:chest":72,"chipped:small_gray_terracotta_tiles":50,"minecraft:egg":6,"chipped:mason_table":7,"alexsmobs:pocket_sand":1,"immersiveengineering:hemp_fabric":2,"minecraft:sandstone":14,"minecraft:oak_door":3,"minecraft:glow_item_frame":1,"minecraft:amethyst_cluster":2,"minecraft:spruce_fence":251,"minecraft:carrot":2843,"minecraft:redstone":1190,"minecraft:prismarine_crystals":4,"minecraft:tnt":11,"immersiveengineering:cloche":10,"minecraft:beetroot_seeds":132,"minecraft:shears":6,"minecraft:diamond_boots":1,"storagedrawers:controller":7,"tombstone:essence_of_undeath":6,"minecraft:gold_ingot":16,"born_in_chaos_v1:dark_ritual_dagger":1,"minecraft:glow_berries":6,"immersiveengineering:light_engineering":10,"minecraft:white_wool":10,"minecraft:smooth_red_sandstone_stairs":3,"born_in_chaos_v1:pumpkin_staff":1,"minecraft:oak_log":776,"minecraft:ancient_debris":6,"minecraft:golden_boots":4,"framedblocks:framed_slab":518,"minecraft:blue_bed":11,"minecraft:white_banner":16,"tombstone:gift":1,"sophisticatedbackpacks:upgrade_base":1,"minecraft:kelp":12,"minecraft:cobweb":2,"minecraft:glass_bottle":1,"minecraft:flowering_azalea":1,"elevatorid:elevator_white":5,"minecraft:dark_oak_slab":94,"born_in_chaos_v1:ethereal_spirit":2,"storagedrawers:spruce_full_drawers_2":2,"minecraft:gravel":1087,"minecraft:birch_stairs":4,"minecraft:spruce_sapling":797,"minecraft:spruce_log":13168,"immersiveengineering:steel_fence":8,"chipped:grill_red_concrete":65,"minecraft:stone_axe":13,"immersiveengineering:wirecoil_copper":37,"croptopia:orange":25,"minecraft:scute":2,"minecraft:diamond_axe":2,"minecraft:warped_roots":4,"minecraft:warped_nylium":1,"immersiveengineering:hammer":2,"minecraft:ender_pearl":10,"minecraft:wheat":399,"minecraft:redstone_block":9,"cataclysm:monstrous_horn":1,"minecraft:potion":5,"minecraft:nether_brick":36,"born_in_chaos_v1:bloody_gadfly_eye":4,"immersiveengineering:plate_lead":2,"minecraft:raw_copper":341,"immersiveengineering:dust_sulfur":1,"connectedglass:borderless_glass":4,"minecraft:sticky_piston":2,"storagedrawers:spruce_trim":40,"minecraft:redstone_torch":2,"minecraft:calcite":5,"minecraft:furnace":3,"minecraft:stick":1077,"mowziesmobs:sol_visage":1,"minecraft:brown_terracotta":12,"minecraft:oak_fence":3,"minecraft:torch":74,"storagedrawers:spruce_full_drawers_4":43,"minecraft:porkchop":8,"minecraft:target":4,"tombstone:grave_dust":197,"immersiveengineering:alloybrick":12,"minecraft:yellow_concrete_powder":850,"elevatorid:elevator_purple":1,"immersiveengineering:fluid_pipe":21,"simplyswords:diamond_warglaive":2,"minecraft:nether_gold_ore":2,"minecraft:cactus":2,"born_in_chaos_v1:sea_terror_eye":2,"minecraft:spruce_hanging_sign":2,"minecraft:cod":1,"minecraft:nautilus_shell":1,"minecraft:magma_cream":25,"minecraft:horn_coral":1,"minecraft:wither_skeleton_skull":9,"immersiveengineering:connector_lv_relay":24,"minecraft:lapis_lazuli":56,"born_in_chaos_v1:staffofthe_summoner":2,"born_in_chaos_v1:monster_skin":9,"minecraft:leather_boots":5,"minecraft:raw_gold":32,"immersiveengineering:fertilizer":5,"minecraft:bell":3,"minecraft:light_blue_dye":4,"minecraft:oak_planks":161,"framedblocks:framing_saw":2,"chipped:patient_stripped_spruce_log":1,"minecraft:cooked_porkchop":4,"minecraft:poisonous_potato":15,"minecraft:polished_blackstone_slab":8,"minecraft:jungle_planks":17,"minecraft:sand":429,"minecraft:chiseled_sandstone":4,"minecraft:spruce_fence_gate":26,"minecraft:clay":104,"born_in_chaos_v1:fire_dust":479,"minecraft:spruce_boat":9,"minecraft:diamond":46,"minecraft:oak_sapling":278,"framedblocks:framed_sliced_stairs_slab":2,"minecraft:nether_star":2,"minecraft:charcoal":34,"minecraft:chicken":2,"minecraft:gold_block":2,"minecraft:iron_axe":11,"minecraft:item_frame":6,"minecraft:candle":6,"mcwfences:spruce_stockade_fence":22,"minecraft:oak_boat":10,"minecraft:observer":1,"immersiveengineering:sheetmetal_steel":16,"minecraft:lectern":1759,"minecraft:sugar_cane":137,"minecraft:phantom_membrane":20,"minecraft:spruce_trapdoor":207,"minecraft:dark_oak_sapling":16,"minecraft:raw_iron":51,"minecraft:orange_dye":512,"minecraft:copper_ingot":1,"mcwwindows:spruce_curtain_rod":2,"minecraft:gray_dye":1,"framedblocks:framed_double_slope_slab":2,"minecraft:dark_oak_planks":20,"minecraft:smooth_sandstone_slab":10,"minecraft:arrow":348,"immersiveengineering:steel_scaffolding_standard":13,"minecraft:saddle":3,"immersiveengineering:ingot_steel":13,"minecraft:air":0,"immersiveengineering:connector_lv":28,"minecraft:crimson_stem":5,"minecraft:salmon":9,"minecraft:cut_sandstone":73,"minecraft:birch_planks":4,"minecraft:cobblestone_stairs":9,"minecraft:wooden_hoe":1,"tombstone:voodoo_poppet":2,"minecraft:smooth_sandstone":52,"cataclysm:infernal_forge":1,"minecraft:red_sandstone":1,"minecraft:soul_sand":40,"sophisticatedbackpacks:diamond_backpack":4,"minecraft:book":318,"minecraft:oak_slab":6,"minecraft:scaffolding":1493,"minecraft:red_concrete_powder":4767,"born_in_chaos_v1:lifestealer_bone":15,"minecraft:magenta_stained_glass_pane":1,"born_in_chaos_v1:dark_rod":1,"minecraft:blast_furnace":13,"minecraft:white_bed":43,"minecraft:dark_oak_fence_gate":3,"minecraft:spider_eye":39,"storagedrawers:spruce_full_drawers_1":6,"tombstone:magic_scroll":23,"immersiveengineering:ore_lead":13,"minecraft:red_concrete":1134,"minecraft:coal":852},"minecraft:crafted":{"minecraft:black_dye":20,"immersiveengineering:hammer":2,"immersiveengineering:hemp_fabric":1,"minecraft:blaze_powder":10,"minecraft:diamond_shovel":6,"minecraft:nether_brick":25,"alexsmobs:roadrunner_feather":2,"immersiveengineering:ingot_silver":64,"minecraft:diamond_helmet":4,"camera:image":1,"minecraft:tipped_arrow":20,"minecraft:name_tag":16,"minecraft:jungle_boat":1,"framedblocks:framed_double_slope_slab":2,"immersiveengineering:windmill":1,"immersiveengineering:blastbrick_reinforced":27,"minecraft:smithing_table":1,"minecraft:sticky_piston":1,"minecraft:fletching_table":4,"minecraft:tropical_fish_bucket":1,"minecraft:lectern":5,"minecraft:stone_slab":6,"sophisticatedbackpacks:auto_smelting_upgrade":1,"minecraft:iron_pickaxe":2,"minecraft:netherite_ingot":1,"minecraft:golden_carrot":1,"minecraft:experience_bottle":4,"minecraft:spruce_fence":111,"immersiveengineering:fluid_pump":1,"minecraft:lantern":48,"minecraft:spruce_stairs":8,"immersiveengineering:capacitor_lv":1,"immersiveengineering:coil_lv":2,"minecraft:stone_pickaxe":11,"minecraft:spruce_boat":3,"minecraft:chainmail_leggings":6,"simplyswords:iron_chakram":1,"sophisticatedbackpacks:gold_backpack":3,"minecraft:enchanted_book":70,"minecraft:oak_fence_gate":1,"minecraft:chainmail_boots":6,"minecraft:fermented_spider_eye":2,"immersiveengineering:conveyor_basic":8,"minecraft:iron_shovel":2,"camera:image_frame":1,"minecraft:grindstone":1,"minecraft:stone":6,"minecraft:snow":108,"born_in_chaos_v1:dark_metal_ingot":6,"minecraft:warped_planks":8,"immersiveengineering:cloche":1,"minecraft:bow":7,"minecraft:comparator":2,"immersiveengineering:ingot_lead":50,"minecraft:chest":8,"minecraft:netherite_helmet":1,"immersiveengineering:storage_steel":5,"storagedrawers:controller_slave":1,"immersiveengineering:plate_steel":24,"minecraft:arrow":384,"minecraft:brush":1,"minecraft:chainmail_chestplate":5,"immersiveengineering:wire_copper":4,"sophisticatedbackpacks:upgrade_base":7,"minecraft:dispenser":1,"minecraft:spruce_trapdoor":2,"sophisticatedbackpacks:xp_pump_upgrade":1,"minecraft:yellow_dye":174,"sophisticatedbackpacks:diamond_backpack":1,"minecraft:stick":51143,"minecraft:iron_ingot":46,"minecraft:spruce_button":64,"minecraft:blast_furnace":1,"minecraft:furnace":3,"minecraft:piston":2,"immersiveengineering:wirecoil_electrum":16,"minecraft:oak_trapdoor":2,"minecraft:flint_and_steel":1,"minecraft:scaffolding":18,"minecraft:cobblestone_wall":15,"storagedrawers:spruce_full_drawers_1":9,"elevatorid:elevator_white":1,"immersiveengineering:windmill_blade":5,"minecraft:iron_sword":1,"immersiveengineering:redstone_acid_bucket":1,"minecraft:white_dye":100,"minecraft:stonecutter":1,"minecraft:anvil":1,"minecraft:torch":408,"minecraft:diamond_chestplate":2,"minecraft:smooth_stone":3,"fantasyfurniture:furniture_station":1,"alexsmobs:animal_dictionary":1,"immersiveengineering:fluid_pipe":8,"minecraft:lever":3,"sophisticatedbackpacks:crafting_upgrade":1,"minecraft:bookshelf":104,"immersiveengineering:stick_steel":8,"mcwwindows:spruce_log_parapet":5,"minecraft:red_concrete_powder":8,"minecraft:glass":278,"minecraft:repeater":1,"mcwfences:wooden_cheval_de_frise":4,"minecraft:diamond_leggings":3,"sophisticatedbackpacks:tank_upgrade":1,"immersiveengineering:light_engineering":12,"minecraft:target":7,"minecraft:emerald":3497,"minecraft:diamond_axe":11,"sophisticatedbackpacks:advanced_feeding_upgrade":1,"immersiveengineering:windmill_sail":1,"minecraft:clock":7,"minecraft:copper_ingot":118,"minecraft:campfire":12,"immersiveengineering:connector_mv_relay":8,"camera:camera":1,"cataclysm:monstrous_helm":1,"minecraft:compass":7,"minecraft:iron_block":3,"minecraft:gold_ingot":19,"minecraft:spruce_fence_gate":19,"storagedrawers:upgrade_template":12,"minecraft:stone_shovel":5,"sophisticatedbackpacks:inception_upgrade":1,"storagedrawers:spruce_full_drawers_4":4,"minecraft:bone_meal":1077,"minecraft:andesite_wall":24,"sophisticatedbackpacks:advanced_pump_upgrade":1,"born_in_chaos_v1:stimulating_bomb":1,"minecraft:spruce_slab":36,"simplyswords:diamond_warglaive":1,"minecraft:ender_pearl":19,"minecraft:diamond_boots":3,"immersiveengineering:dynamo":2,"minecraft:dark_oak_planks":1864,"mcwwindows:spruce_curtain_rod":5,"minecraft:wheat":297,"minecraft:blue_bed":2,"minecraft:glowstone":252,"minecraft:golden_apple":2,"minecraft:flint":64,"minecraft:brick":88,"minecraft:oak_planks":2940,"minecraft:dark_oak_boat":1,"alexsmobs:sombrero":1,"immersiveengineering:steel_scaffolding_standard":12,"storagedrawers:spruce_trim":52,"sophisticatedbackpacks:void_upgrade":1,"minecraft:hopper":2,"tombstone:grave_key":3,"immersiveengineering:ingot_steel":45,"minecraft:netherite_upgrade_smithing_template":4,"minecraft:oak_slab":6,"minecraft:crafting_table":4,"minecraft:spruce_planks":25712,"minecraft:baked_potato":163,"minecraft:wooden_pickaxe":1,"mcwfences:spruce_picket_fence":21,"sophisticatedbackpacks:feeding_upgrade":1,"immersiveengineering:connector_lv":8,"minecraft:birch_planks":384,"minecraft:brewing_stand":1,"minecraft:diamond_pickaxe":9,"minecraft:dark_oak_slab":60,"minecraft:iron_chestplate":1,"minecraft:charcoal":326,"minecraft:shield":10,"immersiveengineering:connector_mv":8,"minecraft:snow_block":55,"immersiveengineering:stick_treated":88,"minecraft:redstone_torch":9,"alexsmobs:mosquito_larva":1,"sophisticatedbackpacks:filter_upgrade":1,"minecraft:shears":15,"immersiveengineering:plate_copper":23,"minecraft:nether_wart":74,"minecraft:redstone":73,"minecraft:coal":1,"minecraft:stone_button":1,"minecraft:gray_dye":196,"immersiveengineering:sheetmetal_steel":8,"minecraft:glass_pane":16,"mcwfences:spruce_stockade_fence":54,"storagedrawers:controller":1,"minecraft:leather":3,"minecraft:iron_axe":21,"immersiveengineering:wirecutter":1,"minecraft:iron_hoe":1,"minecraft:glowstone_dust":964,"immersiveengineering:component_iron":6,"minecraft:netherite_scrap":5,"minecraft:minecart":36,"minecraft:observer":1,"sophisticatedbackpacks:iron_backpack":4,"minecraft:sugar":2,"minecraft:red_dye":623,"minecraft:diamond_sword":2,"minecraft:dark_oak_stairs":40,"minecraft:spruce_sign":6,"minecraft:bucket":2,"minecraft:stone_axe":12,"minecraft:air":0,"minecraft:bread":64,"minecraft:blue_dye":2,"sophisticatedbackpacks:pump_upgrade":1,"immersiveengineering:fertilizer":21,"minecraft:gold_nugget":9,"minecraft:lapis_lazuli":26},"minecraft:custom":{"minecraft:interact_with_crafting_table":76,"minecraft:damage_blocked_by_shield":315,"tombstone:eaten_lollipop":48,"minecraft:play_time":5768575,"minecraft:deaths":28,"minecraft:jump":80933,"tombstone:kill_undead_boss":1,"tombstone:undead_killed":898,"minecraft:horse_one_cm":1467,"minecraft:interact_with_anvil":114,"minecraft:inspect_hopper":69,"tombstone:raider_killed":141,"minecraft:time_since_rest":57392,"minecraft:swim_one_cm":447237,"minecraft:open_chest":1926,"minecraft:damage_resisted":224,"minecraft:talked_to_villager":2747,"minecraft:interact_with_brewingstand":17,"minecraft:interact_with_beacon":3,"tombstone:villager_killed":5,"minecraft:damage_dealt_resisted":11030,"minecraft:raid_win":2,"minecraft:boat_one_cm":180,"minecraft:damage_taken":49144,"minecraft:open_barrel":52,"goblintraders:trade_with_goblin":1914,"minecraft:bell_ring":21,"minecraft:leave_game":41,"minecraft:time_since_death":299214,"minecraft:interact_with_furnace":346,"minecraft:traded_with_villager":2435,"minecraft:sleep_in_bed":91,"minecraft:waystone_activated":10,"minecraft:damage_dealt":267610,"minecraft:interact_with_smithing_table":5,"minecraft:damage_dealt_absorbed":879,"minecraft:sneak_time":620555,"minecraft:interact_with_blast_furnace":18,"minecraft:total_world_time":5768738,"minecraft:interact_with_stonecutter":20,"minecraft:fly_one_cm":18975290,"minecraft:fall_one_cm":2063344,"minecraft:animals_bred":9,"minecraft:sprint_one_cm":16248615,"minecraft:drop":1299,"minecraft:walk_on_water_one_cm":334476,"minecraft:player_kills":2,"minecraft:crouch_one_cm":2971477,"minecraft:mob_kills":2924,"minecraft:climb_one_cm":1008421,"minecraft:walk_one_cm":11738936,"minecraft:walk_under_water_one_cm":125745,"minecraft:raid_trigger":2,"minecraft:interact_with_grindstone":11,"minecraft:damage_absorbed":158,"minecraft:trigger_trapped_chest":2}},"DataVersion":3465}