{"stats":{"minecraft:killed_by":{"born_in_chaos_v1:nightmare_stalker":1,"minecraft:vex":1,"born_in_chaos_v1:lifestealer_true_form":1,"born_in_chaos_v1:firelight":1,"cataclysm:netherite_monstrosity":1,"minecraft:wither_skeleton":2,"minecraft:creeper":1,"alexsmobs:dropbear":2,"minecraft:player":3,"minecraft:enderman":1,"mowziesmobs:ferrous_wroughtnaut":1,"minecraft:skeleton":1},"minecraft:used":{"minecraft:moss_block":2,"sophisticatedbackpacks:copper_backpack":7,"minecraft:spruce_slab":412,"minecraft:ladder":4,"minecraft:poppy":9,"minecraft:chest":65,"minecraft:stone":660,"minecraft:soul_sand":12,"mcwfences:wooden_cheval_de_frise":4,"born_in_chaos_v1:soul_cutlass":17,"minecraft:snowball":7,"minecraft:stripped_spruce_log":18,"minecraft:azure_bluet":2,"cataclysm:infernal_forge":5,"immersiveengineering:rs_engineering":1,"minecraft:spruce_boat":9,"born_in_chaos_v1:smoked_flesh":3,"minecraft:lava_bucket":25,"immersiveengineering:connector_lv_relay":1,"minecraft:grass_block":698,"minecraft:dark_oak_slab":585,"minecraft:dark_oak_boat":1,"minecraft:snow":61,"minecraft:bow":593,"storagedrawers:spruce_trim":111,"minecraft:furnace":3,"minecraft:sweet_berries":1,"minecraft:oak_sapling":24,"minecraft:egg":4,"minecraft:potato":9,"mcwwindows:spruce_log_parapet":14,"minecraft:damaged_anvil":4,"minecraft:blackstone":68,"minecraft:wooden_pickaxe":22,"tombstone:tablet_of_guard":1,"storagedrawers:spruce_full_drawers_2":7,"minecraft:composter":2,"minecraft:clay":95,"elevatorid:elevator_white":5,"storagedrawers:spruce_full_drawers_1":12,"minecraft:golden_apple":3,"minecraft:sand":13,"simplyswords:diamond_warglaive":2481,"minecraft:blast_furnace":3,"framedblocks:framing_saw":2,"croptopia:orange":17,"immersiveengineering:hammer":1,"minecraft:lectern":1766,"minecraft:diamond_sword":144,"chipped:small_gray_terracotta_tiles":451,"minecraft:oak_trapdoor":1,"minecraft:smithing_table":7,"chipped:carpenters_table":2,"minecraft:oak_boat":11,"minecraft:birch_log":6,"chipped:massive_stone_bricks":19722,"born_in_chaos_v1:dark_ritual_dagger":2,"camera:image_frame":3,"minecraft:red_concrete":59,"framedblocks:framed_slab":438,"born_in_chaos_v1:fried_maggot":247,"minecraft:torch":798,"minecraft:netherrack":1070,"minecraft:brewing_stand":6,"minecraft:anvil":1,"minecraft:warped_wart_block":3,"minecraft:target":14,"minecraft:twisting_vines":8,"minecraft:nether_brick_slab":1,"minecraft:nether_brick_stairs":1,"minecraft:oak_fence_gate":4,"immersiveengineering:steel_fence":8,"minecraft:chipped_anvil":1,"minecraft:rooted_dirt":4,"minecraft:iron_block":87,"minecraft:iron_axe":584,"storagedrawers:controller":11,"mcwfences:spruce_picket_fence":23,"minecraft:totem_of_undying":2,"minecraft:barrel":7,"minecraft:bamboo":5,"minecraft:diamond_chestplate":3,"minecraft:glowstone":2,"minecraft:cobbled_deepslate":2,"tombstone:gift":8,"minecraft:observer":2,"sophisticatedbackpacks:gold_backpack":10,"minecraft:water_bucket":337,"fantasyfurniture:venthyr/desk_left":1,"storagedrawers:spruce_full_drawers_4":50,"minecraft:spruce_fence_gate":43,"minecraft:fletching_table":49,"minecraft:polished_blackstone_bricks":13,"minecraft:dark_oak_fence_gate":3,"minecraft:vine":4,"minecraft:rail":16,"minecraft:red_bed":54,"minecraft:tnt":2,"minecraft:crafting_table":12,"minecraft:oak_slab":8,"minecraft:white_bed":39,"minecraft:campfire":74,"mcwwindows:spruce_curtain_rod":2,"cataclysm:stone_tile_stairs":41,"minecraft:spruce_log":3444,"minecraft:oak_log":26,"minecraft:diamond_pickaxe":58181,"minecraft:diamond_shovel":34740,"minecraft:iron_pickaxe":462,"born_in_chaos_v1:staffofthe_summoner":39,"immersiveengineering:light_engineering":10,"tombstone:magic_scroll":34,"minecraft:spruce_trapdoor":468,"minecraft:spruce_sapling":161,"minecraft:crimson_nylium":1,"minecraft:cobblestone":1299,"fantasyfurniture:furniture_station":2,"minecraft:potion":3,"minecraft:red_concrete_powder":4222,"minecraft:cooked_porkchop":4,"minecraft:repeating_command_block":1,"immersiveengineering:steel_scaffolding_standard":13,"minecraft:brush":19,"mcwfences:spruce_stockade_fence":83,"framedblocks:framed_double_slope_slab":2,"minecraft:cherry_sapling":4,"minecraft:iron_shovel":354,"born_in_chaos_v1:intoxicating_decoction":1,"minecraft:decorated_pot":4,"minecraft:shield":6,"minecraft:white_terracotta":1,"minecraft:iron_sword":146,"minecraft:nether_wart":1,"tombstone:lollipop":41,"minecraft:bell":3,"minecraft:spruce_leaves":2761,"alexsmobs:pocket_sand":7,"minecraft:nether_bricks":13,"minecraft:carrot":275,"cataclysm:stone_tiles":496,"immersiveengineering:connector_lv":2,"minecraft:obsidian":15,"born_in_chaos_v1:corpse_maggot":2,"minecraft:milk_bucket":5,"minecraft:big_dripleaf":2,"sophisticatedbackpacks:diamond_backpack":3,"minecraft:glass":374,"minecraft:coal_ore":22,"minecraft:lantern":41,"alexsmobs:gustmaker":1,"minecraft:hopper_minecart":5,"born_in_chaos_v1:gnawed_bones":5,"minecraft:item_frame":5,"minecraft:repeater":5,"minecraft:scaffolding":1707,"minecraft:magma_block":2934,"minecraft:warped_fungus":1,"minecraft:written_book":5,"born_in_chaos_v1:fel_lamp":2,"minecraft:beetroot_seeds":2,"cataclysm:stone_tile_slab":11,"minecraft:dark_oak_sapling":12,"cataclysm:monstrous_helm":1,"minecraft:dark_oak_stairs":80,"chipped:lumpy_stripped_spruce_log":2,"minecraft:diamond_boots":2,"elevatorid:elevator_yellow":3,"minecraft:wither_skeleton_skull":6,"minecraft:stone_pickaxe":67,"minecraft:oak_planks":147,"minecraft:sugar_cane":100,"minecraft:ender_pearl":10,"minecraft:redstone_block":7,"minecraft:diamond_axe":6534,"minecraft:blue_bed":12,"chipped:creeper_red_concrete":1,"minecraft:yellow_terracotta":13,"simplyswords:iron_chakram":4,"minecraft:crossbow":4,"minecraft:shears":3218,"minecraft:redstone_torch":2,"waystones:waystone":2,"minecraft:lever":4,"sophisticatedbackpacks:backpack":1,"minecraft:bread":72,"minecraft:dark_oak_log":55,"minecraft:string":2,"tombstone:grave_key":21,"minecraft:gravel":94,"minecraft:grindstone":7,"immersiveengineering:wirecoil_copper":4,"minecraft:andesite":115,"minecraft:air":2,"minecraft:coarse_dirt":41,"minecraft:bone_meal":1074,"minecraft:cobweb":43,"immersiveengineering:conveyor_basic":2,"minecraft:oak_fence":2,"sophisticatedbackpacks:iron_backpack":21,"minecraft:flint_and_steel":18,"minecraft:stone_shovel":473,"minecraft:redstone":38,"framedblocks:framed_stairs":8,"minecraft:spruce_planks":5386,"minecraft:cooked_chicken":1,"minecraft:dirt":3659,"minecraft:white_carpet":6,"minecraft:hopper":53,"minecraft:spruce_stairs":688,"minecraft:cobblestone_wall":46,"minecraft:diamond_helmet":1,"minecraft:dark_oak_planks":115,"minecraft:spruce_fence":660,"minecraft:andesite_wall":55,"minecraft:iron_hoe":13,"elevatorid:elevator_purple":1,"chipped:patient_stripped_spruce_log":1,"minecraft:bookshelf":96,"minecraft:yellow_stained_glass":48,"minecraft:oak_stairs":2,"minecraft:minecart":266,"immersiveengineering:blastbrick":30,"minecraft:cooked_beef":14,"minecraft:brown_bed":5,"immersiveengineering:dynamo":2,"minecraft:cooked_mutton":11,"framedblocks:framed_sliced_stairs_slab":2,"minecraft:snow_block":1,"minecraft:glass_bottle":3,"immersiveengineering:capacitor_lv":2,"minecraft:baked_potato":1053,"croptopia:apricot":4,"minecraft:spruce_sign":12,"minecraft:beacon":3,"minecraft:stonecutter":12,"minecraft:cobblestone_slab":2036,"cataclysm:stone_tile_wall":59,"minecraft:warped_roots":3,"minecraft:glow_item_frame":1,"chipped:mason_table":7,"croptopia:cherry":2,"minecraft:painting":12,"minecraft:gray_terracotta":2,"tombstone:bag_of_seeds":2,"minecraft:piston":43,"minecraft:apple":61,"minecraft:command_block":2,"minecraft:map":1,"storagedrawers:controller_slave":5,"minecraft:stone_axe":48,"born_in_chaos_v1:pile_of_skulls":1,"chipped:etched_stone_bricks":4,"minecraft:white_banner":3,"minecraft:bucket":370,"minecraft:chain_command_block":1,"minecraft:pumpkin_pie":3,"minecraft:yellow_bed":10,"alexsmobs:animal_dictionary":4,"minecraft:splash_potion":2},"minecraft:mined":{"minecraft:dark_oak_planks":3,"minecraft:white_bed":41,"minecraft:obsidian":96,"cataclysm:stone_tiles":299,"immersiveengineering:blastbrick":3,"minecraft:red_sand":1,"minecraft:hopper":35,"minecraft:nether_wart":21,"minecraft:spawner":1,"minecraft:weeping_vines_plant":1,"minecraft:polished_blackstone_bricks":14,"minecraft:magma_block":4725,"minecraft:sticky_piston":2,"minecraft:barrel":2,"minecraft:fire":59,"immersiveengineering:deepslate_ore_silver":25,"minecraft:deepslate_lapis_ore":2,"minecraft:fletching_table":47,"immersiveengineering:deepslate_ore_nickel":7,"minecraft:nether_brick_stairs":2,"minecraft:twisting_vines":8,"mcwfences:wooden_cheval_de_frise":4,"croptopia:apple_crop":7,"minecraft:water_cauldron":1,"minecraft:dirt_path":351,"minecraft:oak_stairs":1,"minecraft:smooth_sandstone_stairs":2,"minecraft:iron_block":421,"minecraft:tripwire":2,"minecraft:red_bed":54,"minecraft:crimson_nylium":44,"storagedrawers:controller":7,"minecraft:soul_fire":28,"minecraft:torch":48,"minecraft:blast_furnace":11,"minecraft:dead_bush":10,"minecraft:nether_brick_slab":1,"minecraft:spruce_wall_sign":5,"minecraft:glass":5,"alexsmobs:gustmaker":1,"minecraft:sugar_cane":67,"minecraft:damaged_anvil":4,"minecraft:spruce_sign":1,"minecraft:birch_sapling":5,"minecraft:skeleton_skull":1,"minecraft:white_terracotta":3,"minecraft:repeater":7,"sophisticatedbackpacks:diamond_backpack":4,"minecraft:grass":1621,"minecraft:oak_fence_gate":3,"minecraft:yellow_terracotta":13,"immersiveengineering:conveyor_basic":1,"chipped:lumpy_stripped_spruce_log":1,"minecraft:yellow_stained_glass":4,"minecraft:stonecutter":12,"minecraft:piston":19,"mcwfences:spruce_picket_fence":21,"minecraft:deepslate":5,"croptopia:orange_crop":1,"minecraft:mossy_cobblestone":3,"minecraft:dark_oak_log":12,"minecraft:nether_bricks":787,"connectedglass:clear_glass":1,"minecraft:spruce_fence":164,"cataclysm:stone_tile_stairs":11,"minecraft:redstone_wire":21,"storagedrawers:spruce_full_drawers_1":7,"minecraft:moss_block":2,"born_in_chaos_v1:gnawed_bones":7,"chipped:massive_stone_bricks":211,"minecraft:snow":19,"minecraft:andesite":168,"mcwfences:spruce_stockade_fence":21,"minecraft:vine":12,"minecraft:cobblestone_slab":645,"minecraft:rail":10,"minecraft:warped_stem":2,"minecraft:bamboo":38,"minecraft:white_wool":9,"immersiveengineering:ore_aluminum":39,"minecraft:smithing_table":6,"minecraft:birch_stairs":2,"minecraft:oak_slab":6,"minecraft:redstone_block":8,"minecraft:glass_pane":3,"minecraft:soul_sand":40,"framedblocks:framed_double_slab":53,"minecraft:observer":1,"minecraft:dandelion":5,"minecraft:cornflower":3,"minecraft:warped_roots":1,"chipped:carpenters_table":1,"minecraft:campfire":2,"minecraft:copper_ore":77,"minecraft:tall_grass":641,"minecraft:deepslate_gold_ore":12,"minecraft:warped_wart_block":3,"minecraft:coarse_dirt":378,"minecraft:cobblestone_wall":5,"minecraft:white_carpet":2,"minecraft:spruce_log":1201,"storagedrawers:spruce_trim":36,"minecraft:gravel":7061,"minecraft:cobweb":49,"minecraft:spruce_fence_gate":3,"minecraft:chipped_anvil":1,"framedblocks:framed_sliced_stairs_slab":2,"minecraft:fern":1,"minecraft:large_amethyst_bud":1,"minecraft:spruce_planks":1020,"minecraft:farmland":1,"minecraft:oak_sapling":18,"minecraft:cobblestone_stairs":6,"sophisticatedbackpacks:gold_backpack":6,"minecraft:orange_stained_glass":2,"minecraft:brewing_stand":5,"minecraft:spruce_trapdoor":175,"minecraft:grass_block":11708,"sophisticatedbackpacks:iron_backpack":16,"minecraft:composter":4,"minecraft:gilded_blackstone":2,"immersiveengineering:deepslate_ore_uranium":13,"minecraft:glowstone":2,"framedblocks:framing_saw":2,"minecraft:iron_ore":45,"minecraft:target":4,"connectedglass:clear_glass_red":1,"minecraft:azure_bluet":2,"minecraft:brown_bed":5,"minecraft:dark_oak_stairs":16,"minecraft:iron_bars":1,"minecraft:black_candle":2,"immersiveengineering:ore_lead":27,"sophisticatedbackpacks:copper_backpack":3,"minecraft:spruce_slab":132,"minecraft:gray_terracotta":2,"chipped:patient_stripped_spruce_log":1,"minecraft:blackstone":120,"minecraft:twisting_vines_plant":4,"minecraft:clay":104,"minecraft:poppy":4,"minecraft:beacon":4,"minecraft:chest":49,"minecraft:wither_skeleton_wall_skull":2,"minecraft:cobblestone":852,"minecraft:nether_quartz_ore":31,"minecraft:grindstone":6,"minecraft:oak_planks":158,"cataclysm:stone_tile_slab":3,"minecraft:wall_torch":10,"croptopia:nectarine_crop":2,"minecraft:warped_nylium":9,"minecraft:dark_oak_slab":88,"minecraft:birch_log":10,"minecraft:yellow_wool":9,"immersiveengineering:deepslate_ore_lead":26,"born_in_chaos_v1:river_mint":9,"minecraft:tnt":2,"framedblocks:framed_slab":117,"minecraft:oak_log":69,"minecraft:beetroots":2,"minecraft:sand":7400,"minecraft:dirt":7273,"minecraft:netherrack":5604,"minecraft:ancient_debris":6,"minecraft:oak_leaves":51,"minecraft:nether_gold_ore":61,"chipped:small_gray_terracotta_tiles":16,"chipped:mason_table":6,"minecraft:deepslate_diamond_ore":21,"minecraft:oak_door":2,"minecraft:red_stained_glass":3,"fantasyfurniture:furniture_station":1,"born_in_chaos_v1:infected_diamond_ore":4,"minecraft:lever":3,"minecraft:ladder":1,"cataclysm:stone_tile_wall":3,"minecraft:decorated_pot":5,"immersiveengineering:dynamo":1,"minecraft:spruce_leaves":3271,"elevatorid:elevator_yellow":1,"minecraft:rooted_dirt":11,"storagedrawers:spruce_full_drawers_2":1,"minecraft:hay_block":33,"minecraft:oak_trapdoor":9,"minecraft:spruce_sapling":15,"minecraft:furnace":3,"minecraft:carrots":3,"minecraft:red_concrete_powder":67,"minecraft:nether_sprouts":2,"minecraft:dark_oak_fence_gate":3,"minecraft:stripped_spruce_log":69,"minecraft:bell":3,"minecraft:gold_block":1,"minecraft:bookshelf":96,"minecraft:lantern":4,"framedblocks:framed_double_slope_slab":2,"minecraft:stone":40432,"minecraft:podzol":1,"minecraft:scaffolding":421,"born_in_chaos_v1:marigolds":6,"minecraft:snow_block":52,"minecraft:stripped_dark_oak_log":2,"minecraft:oak_fence":1,"minecraft:crafting_table":10,"storagedrawers:controller_slave":5,"minecraft:lectern":1757,"minecraft:andesite_wall":21,"born_in_chaos_v1:chipped_black_argillite_brick":1,"minecraft:red_concrete":1095,"minecraft:blue_bed":10,"minecraft:spruce_stairs":108,"mcwwindows:spruce_log_parapet":14,"immersiveengineering:capacitor_lv":1,"minecraft:birch_planks":2,"minecraft:polished_blackstone_slab":1,"chipped:etched_stone_bricks":4,"minecraft:redstone_torch":2,"minecraft:sweet_berry_bush":1,"mcwwindows:spruce_curtain_rod":2,"minecraft:white_wall_banner":1,"minecraft:yellow_bed":10,"elevatorid:elevator_white":2,"immersiveengineering:steel_scaffolding_standard":3,"minecraft:coal_ore":346,"storagedrawers:spruce_full_drawers_4":43,"minecraft:terracotta":2060},"minecraft:crafted":{"minecraft:black_dye":20,"immersiveengineering:hammer":1,"fantasyfurniture:furniture_station":1,"alexsmobs:animal_dictionary":1,"minecraft:blaze_powder":10,"minecraft:lever":1,"sophisticatedbackpacks:crafting_upgrade":1,"minecraft:diamond_shovel":6,"minecraft:nether_brick":25,"minecraft:bookshelf":104,"alexsmobs:roadrunner_feather":2,"immersiveengineering:stick_steel":8,"minecraft:red_concrete_powder":8,"mcwwindows:spruce_log_parapet":5,"minecraft:glass":278,"minecraft:diamond_helmet":4,"minecraft:repeater":1,"mcwfences:wooden_cheval_de_frise":4,"minecraft:diamond_leggings":3,"sophisticatedbackpacks:tank_upgrade":1,"immersiveengineering:light_engineering":12,"camera:image":1,"minecraft:tipped_arrow":20,"minecraft:name_tag":16,"minecraft:target":7,"minecraft:emerald":3374,"minecraft:diamond_axe":11,"framedblocks:framed_double_slope_slab":2,"sophisticatedbackpacks:advanced_feeding_upgrade":1,"minecraft:smithing_table":1,"minecraft:clock":7,"minecraft:copper_ingot":118,"minecraft:sticky_piston":1,"minecraft:fletching_table":4,"minecraft:campfire":12,"minecraft:tropical_fish_bucket":1,"minecraft:lectern":5,"camera:camera":1,"minecraft:stone_slab":6,"cataclysm:monstrous_helm":1,"sophisticatedbackpacks:auto_smelting_upgrade":1,"minecraft:compass":7,"minecraft:iron_pickaxe":2,"minecraft:iron_block":3,"minecraft:gold_ingot":19,"minecraft:netherite_ingot":1,"minecraft:spruce_fence_gate":19,"storagedrawers:upgrade_template":12,"minecraft:golden_carrot":1,"minecraft:stone_shovel":5,"minecraft:experience_bottle":4,"sophisticatedbackpacks:inception_upgrade":1,"storagedrawers:spruce_full_drawers_4":4,"minecraft:bone_meal":948,"minecraft:spruce_fence":81,"minecraft:andesite_wall":24,"sophisticatedbackpacks:advanced_pump_upgrade":1,"minecraft:lantern":48,"minecraft:spruce_stairs":8,"immersiveengineering:capacitor_lv":1,"born_in_chaos_v1:stimulating_bomb":1,"minecraft:spruce_slab":36,"simplyswords:diamond_warglaive":1,"immersiveengineering:coil_lv":1,"minecraft:ender_pearl":15,"minecraft:stone_pickaxe":11,"immersiveengineering:dynamo":1,"minecraft:diamond_boots":3,"minecraft:spruce_boat":3,"minecraft:dark_oak_planks":1864,"mcwwindows:spruce_curtain_rod":5,"minecraft:chainmail_leggings":6,"minecraft:wheat":297,"simplyswords:iron_chakram":1,"minecraft:blue_bed":2,"sophisticatedbackpacks:gold_backpack":3,"minecraft:glowstone":25,"minecraft:enchanted_book":70,"minecraft:oak_fence_gate":1,"minecraft:golden_apple":2,"minecraft:flint":64,"minecraft:chainmail_boots":6,"minecraft:fermented_spider_eye":2,"immersiveengineering:conveyor_basic":8,"minecraft:iron_shovel":2,"camera:image_frame":1,"minecraft:brick":88,"minecraft:grindstone":1,"minecraft:oak_planks":2940,"minecraft:dark_oak_boat":1,"alexsmobs:sombrero":1,"minecraft:stone":6,"minecraft:snow":108,"immersiveengineering:steel_scaffolding_standard":12,"storagedrawers:spruce_trim":52,"sophisticatedbackpacks:void_upgrade":1,"born_in_chaos_v1:dark_metal_ingot":6,"minecraft:warped_planks":8,"minecraft:hopper":2,"minecraft:bow":7,"immersiveengineering:ingot_lead":50,"tombstone:grave_key":3,"minecraft:comparator":2,"minecraft:chest":8,"minecraft:netherite_helmet":1,"minecraft:netherite_upgrade_smithing_template":4,"storagedrawers:controller_slave":1,"minecraft:oak_slab":6,"minecraft:arrow":384,"minecraft:crafting_table":4,"minecraft:spruce_planks":25712,"minecraft:wooden_pickaxe":1,"mcwfences:spruce_picket_fence":21,"minecraft:baked_potato":163,"minecraft:brush":1,"minecraft:chainmail_chestplate":5,"immersiveengineering:wire_copper":4,"sophisticatedbackpacks:feeding_upgrade":1,"minecraft:brewing_stand":1,"minecraft:birch_planks":384,"sophisticatedbackpacks:upgrade_base":7,"minecraft:dispenser":1,"minecraft:spruce_trapdoor":2,"minecraft:dark_oak_slab":60,"sophisticatedbackpacks:xp_pump_upgrade":1,"minecraft:iron_chestplate":1,"minecraft:yellow_dye":174,"minecraft:diamond_pickaxe":9,"minecraft:charcoal":226,"minecraft:shield":10,"sophisticatedbackpacks:diamond_backpack":1,"minecraft:stick":51143,"minecraft:iron_ingot":46,"minecraft:snow_block":55,"minecraft:redstone_torch":9,"alexsmobs:mosquito_larva":1,"immersiveengineering:plate_copper":23,"sophisticatedbackpacks:filter_upgrade":1,"minecraft:shears":15,"minecraft:nether_wart":74,"minecraft:redstone":73,"minecraft:coal":1,"minecraft:spruce_button":64,"minecraft:furnace":3,"minecraft:stone_button":1,"minecraft:piston":2,"minecraft:gray_dye":196,"minecraft:oak_trapdoor":2,"minecraft:glass_pane":16,"minecraft:flint_and_steel":1,"mcwfences:spruce_stockade_fence":54,"minecraft:scaffolding":18,"storagedrawers:controller":1,"minecraft:leather":3,"minecraft:iron_axe":21,"immersiveengineering:wirecutter":1,"minecraft:iron_hoe":1,"minecraft:glowstone_dust":68,"minecraft:cobblestone_wall":15,"immersiveengineering:component_iron":5,"minecraft:netherite_scrap":5,"storagedrawers:spruce_full_drawers_1":9,"minecraft:minecart":36,"minecraft:observer":1,"sophisticatedbackpacks:iron_backpack":4,"minecraft:sugar":2,"minecraft:red_dye":623,"minecraft:diamond_sword":2,"elevatorid:elevator_white":1,"minecraft:spruce_sign":6,"minecraft:dark_oak_stairs":40,"minecraft:iron_sword":1,"minecraft:bucket":2,"minecraft:stone_axe":12,"minecraft:bread":64,"minecraft:air":0,"minecraft:blue_dye":2,"immersiveengineering:redstone_acid_bucket":1,"sophisticatedbackpacks:pump_upgrade":1,"minecraft:gold_nugget":9,"minecraft:white_dye":100,"minecraft:anvil":1,"minecraft:stonecutter":1,"minecraft:torch":408,"minecraft:lapis_lazuli":26,"minecraft:diamond_chestplate":2},"minecraft:dropped":{"sophisticatedbackpacks:upgrade_base":2,"minecraft:clay":1,"minecraft:iron_sword":1,"minecraft:piston":1,"minecraft:porkchop":2,"minecraft:crafting_table":1,"minecraft:glass_bottle":2,"minecraft:diamond":1,"elevatorid:elevator_white":1,"croptopia:hops_seed":2,"minecraft:crossbow":2,"minecraft:warped_roots":1,"minecraft:rooted_dirt":1,"minecraft:sheaf_pottery_sherd":5,"born_in_chaos_v1:pieceofdarkmetal":2,"minecraft:leather_helmet":2,"minecraft:emerald":195,"born_in_chaos_v1:monster_flesh":2,"minecraft:dirt":214,"minecraft:grass":6,"minecraft:yellow_dye":1,"minecraft:chain":6,"minecraft:gold_nugget":25,"minecraft:phantom_membrane":2,"minecraft:sand":68,"minecraft:sugar":1,"minecraft:polished_blackstone_slab":1,"minecraft:dark_oak_planks":40,"minecraft:birch_stairs":4,"minecraft:blue_bed":1,"minecraft:tropical_fish_bucket":1,"minecraft:bone":369,"minecraft:oak_door":2,"minecraft:stone_axe":20,"minecraft:compass":7,"minecraft:sugar_cane":4,"minecraft:ancient_debris":1,"minecraft:iron_nugget":3,"minecraft:wheat":310,"tombstone:gift":1,"camera:image":5,"minecraft:rotten_flesh":358,"minecraft:oak_planks":2,"minecraft:glowstone_dust":2,"minecraft:azure_bluet":1,"minecraft:salmon":9,"minecraft:yellow_stained_glass_pane":2,"alexsmobs:blood_sac":7,"minecraft:charcoal":153,"minecraft:leather_boots":5,"minecraft:leather_leggings":1,"minecraft:white_dye":1,"minecraft:brown_candle":1,"minecraft:snort_pottery_sherd":1,"minecraft:spruce_slab":5,"minecraft:glass":410,"born_in_chaos_v1:marigolds":1,"minecraft:lectern":2,"minecraft:egg":1,"alexsmobs:mosquito_proboscis":1,"minecraft:enchanted_book":16,"minecraft:golden_boots":4,"minecraft:iron_ingot":320,"born_in_chaos_v1:intoxicating_decoction":2,"minecraft:shelter_pottery_sherd":1,"minecraft:wheat_seeds":820,"simplyswords:iron_chakram":1,"minecraft:cobblestone":4272,"minecraft:book":5,"minecraft:apple":10,"born_in_chaos_v1:soul_cutlass":2,"minecraft:coal":272,"minecraft:oxeye_daisy":3,"minecraft:ink_sac":3,"minecraft:diamond_helmet":1,"minecraft:oak_stairs":2,"minecraft:white_banner":3,"minecraft:angler_pottery_sherd":1,"chipped:massive_stone_bricks":1,"minecraft:iron_shovel":1,"minecraft:chainmail_leggings":7,"minecraft:paper":6,"minecraft:string":21,"tombstone:voodoo_poppet":1,"minecraft:spruce_sapling":475,"minecraft:moss_carpet":3,"sophisticatedbackpacks:feeding_upgrade":1,"minecraft:stone_sword":13,"born_in_chaos_v1:rotten_fish":3,"minecraft:experience_bottle":2,"minecraft:stone_shovel":3,"minecraft:chicken":2,"minecraft:clay_ball":4,"minecraft:stone_slab":5,"minecraft:name_tag":1,"minecraft:nether_bricks":722,"minecraft:spruce_fence":2,"immersiveengineering:hammer":1,"minecraft:light_blue_dye":2,"minecraft:diamond_sword":1,"minecraft:big_dripleaf":1,"minecraft:potato":637,"minecraft:stone":70,"minecraft:spruce_planks":3,"minecraft:spruce_trapdoor":1,"minecraft:bundle":10,"minecraft:diamond_pickaxe":8,"minecraft:spider_eye":11,"minecraft:bamboo":2,"minecraft:bow":8,"sophisticatedbackpacks:copper_backpack":1,"minecraft:red_sand":1,"minecraft:magma_block":1,"minecraft:terracotta":4,"minecraft:brown_mushroom":12,"minecraft:moss_block":6,"minecraft:birch_planks":4,"minecraft:diamond_axe":1,"minecraft:oak_log":4,"minecraft:baked_potato":121,"minecraft:dark_oak_sapling":12,"minecraft:leather":4,"minecraft:flint":9,"minecraft:cobblestone_stairs":9,"minecraft:spruce_leaves":18,"tombstone:bag_of_seeds":2,"minecraft:dark_oak_log":23,"born_in_chaos_v1:monster_skin":2,"immersiveengineering:ingot_steel":1,"minecraft:cornflower":3,"minecraft:crimson_roots":6,"minecraft:seagrass":4,"minecraft:snowball":2,"croptopia:sweetpotato_seed":3,"minecraft:polished_blackstone_bricks":2,"minecraft:gold_ingot":1,"minecraft:gravel":95,"minecraft:blackstone":45,"born_in_chaos_v1:fire_dust":20,"minecraft:smooth_sandstone_stairs":2,"minecraft:beetroot":1,"born_in_chaos_v1:ethereal_spirit":1,"minecraft:cherry_sapling":7,"minecraft:diamond_shovel":2,"minecraft:carrot":1111,"minecraft:chainmail_chestplate":8,"minecraft:poppy":456,"minecraft:leather_chestplate":1,"minecraft:mangrove_log":4,"minecraft:gunpowder":9,"born_in_chaos_v1:chipped_black_argillite_brick":1,"minecraft:beetroot_seeds":128,"born_in_chaos_v1:corpse_maggot":37,"alexsmobs:guster_eye":1,"minecraft:azalea":1,"minecraft:chainmail_boots":3,"minecraft:iron_bars":1,"minecraft:arrow":132,"minecraft:scaffolding":35,"immersiveengineering:seed":224,"minecraft:written_book":3,"minecraft:oak_leaves":42,"minecraft:netherrack":3606,"minecraft:water_bucket":2,"minecraft:bread":34,"minecraft:golden_helmet":3,"minecraft:cherry_log":17,"minecraft:mossy_cobblestone":3,"minecraft:minecart":1,"minecraft:diamond_leggings":1,"minecraft:poisonous_potato":10,"minecraft:prismarine_shard":3,"minecraft:lead":1,"simplyswords:diamond_warglaive":1,"minecraft:grass_block":1,"minecraft:spruce_fence_gate":13,"minecraft:stick":167,"minecraft:iron_block":240,"born_in_chaos_v1:river_mint":15,"minecraft:milk_bucket":1,"minecraft:torch":65,"born_in_chaos_v1:staffofthe_summoner":1,"alexsmobs:dropbear_claw":7,"croptopia:nectarine":2,"tombstone:grave_dust":41,"minecraft:iron_axe":14,"born_in_chaos_v1:staffof_magic_arrows":3,"minecraft:cactus":1,"minecraft:bucket":2,"mcwwindows:spruce_log_parapet":10,"minecraft:dandelion":32,"minecraft:red_concrete":387,"minecraft:kelp":5,"alexsmobs:maggot":7,"minecraft:warped_nylium":1,"minecraft:coarse_dirt":172,"minecraft:nether_wart":76,"minecraft:raw_iron":5,"minecraft:wither_skeleton_skull":3,"minecraft:iron_hoe":1,"minecraft:ender_eye":2,"immersiveengineering:shader":1,"minecraft:diamond_chestplate":1,"alexsmobs:pocket_sand":1,"minecraft:oak_sapling":70,"minecraft:golden_sword":10,"minecraft:spruce_log":321,"minecraft:diamond_boots":1,"minecraft:slime_ball":1,"minecraft:beacon":1,"minecraft:stone_pickaxe":22,"sophisticatedbackpacks:tank_upgrade":1},"minecraft:custom":{"minecraft:interact_with_crafting_table":75,"minecraft:open_barrel":48,"goblintraders:trade_with_goblin":1567,"minecraft:bell_ring":21,"minecraft:leave_game":35,"minecraft:time_since_death":1418433,"minecraft:damage_blocked_by_shield":315,"tombstone:eaten_lollipop":41,"minecraft:play_time":5223882,"minecraft:deaths":27,"minecraft:jump":73088,"tombstone:kill_undead_boss":1,"minecraft:interact_with_furnace":303,"minecraft:traded_with_villager":2431,"minecraft:sleep_in_bed":81,"minecraft:waystone_activated":5,"minecraft:damage_dealt":258644,"tombstone:undead_killed":875,"minecraft:interact_with_smithing_table":5,"minecraft:interact_with_anvil":114,"minecraft:inspect_hopper":69,"minecraft:damage_dealt_absorbed":759,"minecraft:sneak_time":602596,"minecraft:interact_with_blast_furnace":7,"minecraft:total_world_time":5224045,"tombstone:raider_killed":135,"minecraft:interact_with_stonecutter":20,"minecraft:time_since_rest":104659,"minecraft:swim_one_cm":258602,"minecraft:fly_one_cm":17274424,"minecraft:open_chest":1716,"minecraft:fall_one_cm":1837659,"minecraft:animals_bred":9,"minecraft:damage_resisted":224,"minecraft:sprint_one_cm":14499141,"minecraft:drop":1132,"minecraft:talked_to_villager":2744,"minecraft:interact_with_brewingstand":17,"minecraft:walk_on_water_one_cm":294521,"minecraft:interact_with_beacon":2,"minecraft:player_kills":2,"minecraft:crouch_one_cm":2903436,"tombstone:villager_killed":5,"minecraft:mob_kills":2872,"minecraft:damage_dealt_resisted":11030,"minecraft:climb_one_cm":977703,"minecraft:walk_one_cm":10818666,"minecraft:raid_win":2,"minecraft:walk_under_water_one_cm":104162,"minecraft:boat_one_cm":20,"minecraft:raid_trigger":2,"minecraft:interact_with_grindstone":11,"minecraft:damage_taken":47429,"minecraft:damage_absorbed":120},"minecraft:picked_up":{"minecraft:seagrass":8,"minecraft:chainmail_boots":2,"minecraft:prismarine_shard":11,"minecraft:lead":10,"minecraft:smithing_table":6,"minecraft:brown_bed":5,"minecraft:oak_stairs":4,"minecraft:enchanted_book":5,"croptopia:calamari":6,"immersiveengineering:blastbrick":3,"minecraft:brewing_stand":4,"minecraft:golden_sword":19,"minecraft:string":119,"minecraft:pufferfish":1,"minecraft:beetroot":78,"minecraft:diamond_leggings":2,"minecraft:gold_nugget":612,"minecraft:cobbled_deepslate":5,"minecraft:spruce_planks":1094,"minecraft:written_book":2,"minecraft:hopper_minecart":5,"minecraft:mangrove_log":4,"minecraft:golden_helmet":3,"immersiveengineering:shader_bag_epic":1,"minecraft:sheaf_pottery_sherd":5,"born_in_chaos_v1:shattered_skull":4,"minecraft:composter":4,"minecraft:big_dripleaf":3,"born_in_chaos_v1:pileof_dark_metal":1,"minecraft:cherry_log":17,"chipped:creeper_red_concrete":1,"minecraft:cauldron":1,"minecraft:black_dye":9,"storagedrawers:emerald_storage_upgrade":1,"minecraft:stone_sword":14,"minecraft:tropical_fish":11,"minecraft:blackstone_wall":1,"minecraft:iron_block":491,"elevatorid:elevator_yellow":3,"minecraft:white_terracotta":1,"minecraft:blaze_rod":114,"minecraft:iron_bars":1,"minecraft:snowball":229,"alexsmobs:flying_fish":2,"minecraft:birch_log":102,"born_in_chaos_v1:staffof_magic_arrows":3,"minecraft:magma_block":4484,"minecraft:feather":5,"minecraft:cooked_beef":2,"born_in_chaos_v1:spiritual_dust":3,"minecraft:dark_oak_boat":1,"chipped:etched_stone_bricks":4,"minecraft:flint":32,"cataclysm:stone_tile_slab":3,"minecraft:lantern":18,"minecraft:brown_candle":1,"born_in_chaos_v1:marigolds":5,"minecraft:twisting_vines":8,"minecraft:chipped_anvil":1,"minecraft:gray_terracotta":3,"minecraft:stonecutter":12,"minecraft:glowstone_dust":9,"croptopia:roe":23,"minecraft:moss_block":18,"cataclysm:stone_tile_wall":10,"immersiveengineering:raw_uranium":28,"minecraft:warped_wart_block":3,"minecraft:stripped_spruce_log":83,"sophisticatedbackpacks:iron_backpack":19,"minecraft:ink_sac":22,"minecraft:dark_oak_log":840,"minecraft:barrel":2,"cataclysm:stone_tiles":482,"minecraft:bundle":27,"croptopia:cherry":2,"alexsmobs:guster_eye":1,"minecraft:angler_pottery_sherd":2,"minecraft:lever":3,"immersiveengineering:conveyor_basic":1,"minecraft:spruce_button":64,"minecraft:bread":72,"minecraft:rooted_dirt":9,"alexsmobs:maggot":11,"immersiveengineering:raw_nickel":15,"born_in_chaos_v1:rotten_fish":32,"minecraft:crafting_table":11,"minecraft:crimson_roots":7,"minecraft:diamond_pickaxe":5,"minecraft:spruce_leaves":3536,"sophisticatedbackpacks:gold_backpack":10,"minecraft:shelter_pottery_sherd":2,"minecraft:coarse_dirt":348,"minecraft:nether_wart":25,"minecraft:clay_ball":459,"cataclysm:stone_tile_stairs":63,"born_in_chaos_v1:seedof_chaos":12,"minecraft:leather_leggings":2,"cataclysm:monstrous_helm":1,"chipped:lumpy_stripped_spruce_log":1,"minecraft:fire_coral":1,"minecraft:cornflower":4,"immersiveengineering:manual":1,"minecraft:red_bed":54,"camera:image_frame":2,"born_in_chaos_v1:intoxicating_decoction":4,"minecraft:white_carpet":32,"minecraft:beef":4,"born_in_chaos_v1:gnawed_bones":9,"minecraft:poppy":45,"minecraft:spruce_slab":139,"immersiveengineering:stick_steel":4,"minecraft:minecart":84,"minecraft:chest":72,"minecraft:birch_sapling":16,"minecraft:piston":21,"chipped:small_gray_terracotta_tiles":26,"minecraft:egg":6,"chipped:mason_table":7,"alexsmobs:pocket_sand":1,"minecraft:stone":3037,"minecraft:oak_door":3,"minecraft:glow_item_frame":1,"sophisticatedbackpacks:backpack":1,"minecraft:spruce_fence":179,"minecraft:white_dye":1,"minecraft:carrot":2719,"born_in_chaos_v1:pieceofdarkmetal":23,"minecraft:redstone":24,"minecraft:prismarine_crystals":2,"minecraft:tnt":2,"minecraft:diamond_chestplate":2,"minecraft:beetroot_seeds":130,"minecraft:decorated_pot":4,"minecraft:yellow_terracotta":13,"minecraft:diamond_boots":1,"minecraft:shears":6,"immersiveengineering:rs_engineering":4,"minecraft:hay_block":33,"minecraft:totem_of_undying":4,"storagedrawers:controller":7,"born_in_chaos_v1:spiny_shell":3,"tombstone:essence_of_undeath":6,"minecraft:gold_ingot":16,"born_in_chaos_v1:dark_ritual_dagger":1,"sophisticatedbackpacks:copper_backpack":12,"minecraft:glow_berries":6,"minecraft:mutton":3,"minecraft:white_wool":10,"minecraft:rail":29,"minecraft:oxeye_daisy":3,"born_in_chaos_v1:monster_flesh":13,"born_in_chaos_v1:pumpkin_staff":1,"minecraft:blackstone_slab":2,"minecraft:yellow_dye":191,"immersiveengineering:dynamo":1,"minecraft:oak_log":776,"minecraft:ancient_debris":6,"minecraft:golden_boots":4,"framedblocks:framed_slab":496,"alexsmobs:mosquito_proboscis":2,"minecraft:blue_bed":11,"minecraft:paper":21,"minecraft:white_banner":16,"tombstone:gift":1,"born_in_chaos_v1:soul_cutlass":4,"sophisticatedbackpacks:upgrade_base":1,"minecraft:apple":59,"minecraft:kelp":12,"minecraft:warped_stem":2,"born_in_chaos_v1:smoked_flesh":8,"minecraft:oak_fence_gate":3,"minecraft:stone_pickaxe":11,"minecraft:cobweb":2,"tombstone:bag_of_seeds":7,"minecraft:glass_bottle":1,"minecraft:flowering_azalea":1,"minecraft:dark_oak_stairs":16,"elevatorid:elevator_white":5,"minecraft:dark_oak_slab":94,"minecraft:milk_bucket":2,"minecraft:sweet_berries":2,"storagedrawers:controller_slave":5,"born_in_chaos_v1:orbofthe_summoner":1,"born_in_chaos_v1:ethereal_spirit":2,"storagedrawers:spruce_full_drawers_2":1,"minecraft:gravel":1061,"minecraft:birch_stairs":4,"minecraft:spruce_sapling":792,"born_in_chaos_v1:fangofthe_hound_leader":3,"minecraft:spruce_log":13068,"minecraft:leather_helmet":3,"minecraft:slime_ball":11,"minecraft:stone_axe":13,"minecraft:snort_pottery_sherd":1,"immersiveengineering:seed":483,"born_in_chaos_v1:pile_of_skulls":1,"croptopia:orange":25,"minecraft:diamond_axe":1,"minecraft:scute":2,"minecraft:painting":11,"minecraft:warped_roots":4,"minecraft:baked_potato":712,"minecraft:warped_nylium":1,"immersiveengineering:hammer":2,"minecraft:hopper":55,"immersiveengineering:raw_silver":57,"minecraft:ender_pearl":10,"minecraft:wheat":398,"cataclysm:monstrous_horn":1,"minecraft:redstone_block":9,"minecraft:nether_brick_fence":1,"minecraft:yellow_wool":7,"minecraft:potion":5,"minecraft:nether_brick":36,"minecraft:gilded_blackstone":6,"born_in_chaos_v1:bloody_gadfly_eye":3,"immersiveengineering:plate_lead":2,"minecraft:raw_copper":341,"minecraft:sticky_piston":2,"alexsmobs:dropbear_claw":39,"immersiveengineering:raw_lead":117,"alexsmobs:blood_sac":9,"minecraft:red_sand":1,"minecraft:bucket":2,"storagedrawers:spruce_trim":40,"minecraft:red_dye":18,"minecraft:rose_bush":380,"minecraft:redstone_torch":2,"minecraft:cobblestone_slab":829,"minecraft:azalea":2,"minecraft:iron_pickaxe":1,"born_in_chaos_v1:stimulating_decoction":1,"minecraft:furnace":3,"minecraft:tipped_arrow":9,"minecraft:stick":1072,"minecraft:oak_fence":3,"minecraft:torch":67,"minecraft:spruce_stairs":107,"storagedrawers:spruce_full_drawers_4":43,"minecraft:porkchop":8,"minecraft:target":4,"tombstone:grave_dust":187,"minecraft:vine":12,"minecraft:yellow_concrete_powder":850,"elevatorid:elevator_purple":1,"fantasyfurniture:furniture_station":1,"tombstone:lollipop":39,"mcwfences:spruce_picket_fence":20,"minecraft:andesite_wall":16,"simplyswords:diamond_warglaive":2,"minecraft:nether_gold_ore":2,"minecraft:cactus":1,"minecraft:rotten_flesh":676,"born_in_chaos_v1:sea_terror_eye":2,"minecraft:obsidian":99,"minecraft:cod":1,"minecraft:blaze_powder":3,"minecraft:cobblestone":9414,"minecraft:nautilus_shell":1,"minecraft:leather_chestplate":1,"minecraft:magma_cream":25,"minecraft:repeater":8,"alexsmobs:gustmaker":1,"croptopia:nectarine":2,"minecraft:andesite":164,"minecraft:golden_leggings":1,"minecraft:beacon":4,"minecraft:potato":848,"immersiveengineering:connector_lv_relay":8,"minecraft:smooth_sandstone_stairs":2,"minecraft:horn_coral":1,"minecraft:wither_skeleton_skull":9,"minecraft:lapis_lazuli":56,"minecraft:dirt":8811,"born_in_chaos_v1:staffofthe_summoner":2,"minecraft:name_tag":1,"born_in_chaos_v1:monster_skin":9,"minecraft:leather_boots":5,"minecraft:glass":451,"minecraft:bone":592,"minecraft:bow":8,"minecraft:wheat_seeds":1184,"minecraft:raw_gold":32,"minecraft:bell":3,"minecraft:light_blue_dye":2,"minecraft:grindstone":6,"minecraft:bamboo":355,"minecraft:fletching_table":47,"camera:image":7,"minecraft:oak_planks":158,"framedblocks:framing_saw":2,"chipped:patient_stripped_spruce_log":1,"minecraft:cooked_porkchop":4,"minecraft:poisonous_potato":13,"minecraft:polished_blackstone_slab":8,"minecraft:sand":405,"immersiveengineering:raw_aluminum":47,"chipped:pegged_red_concrete":1,"minecraft:nether_brick_stairs":1,"minecraft:grass_block":2231,"minecraft:mossy_cobblestone":6,"framedblocks:framed_sliced_stairs_slab":2,"minecraft:spruce_fence_gate":26,"minecraft:clay":96,"chipped:carpenters_table":2,"chipped:massive_stone_bricks":940,"minecraft:sugar":19,"minecraft:diamond":46,"born_in_chaos_v1:fire_dust":478,"minecraft:spruce_boat":7,"waystones:waystone":2,"minecraft:yellow_stained_glass_pane":2,"minecraft:crossbow":6,"minecraft:bone_meal":354,"minecraft:grass":6,"minecraft:emerald":187,"minecraft:golden_apple":4,"minecraft:spruce_sign":4,"minecraft:oak_sapling":278,"minecraft:netherrack":4973,"born_in_chaos_v1:sea_terror_stomach":1,"minecraft:oak_leaves":42,"minecraft:nether_star":2,"minecraft:charcoal":4,"born_in_chaos_v1:diamond_termite_shard":5,"minecraft:ladder":1,"minecraft:azure_bluet":3,"minecraft:splash_potion":3,"minecraft:chicken":2,"born_in_chaos_v1:river_mint":17,"croptopia:peach":10,"minecraft:brown_mushroom":16,"minecraft:gold_block":1,"minecraft:brick":33,"minecraft:oak_trapdoor":8,"minecraft:moss_carpet":5,"minecraft:iron_axe":11,"immersiveengineering:capacitor_lv":1,"minecraft:item_frame":6,"minecraft:blackstone":118,"mcwfences:spruce_stockade_fence":22,"minecraft:oak_boat":10,"minecraft:observer":1,"minecraft:lectern":1759,"minecraft:sugar_cane":137,"minecraft:spruce_trapdoor":207,"minecraft:phantom_membrane":20,"minecraft:dark_oak_sapling":16,"minecraft:raw_iron":50,"minecraft:orange_dye":512,"mcwwindows:spruce_curtain_rod":2,"minecraft:copper_ingot":1,"minecraft:gray_dye":1,"minecraft:polished_blackstone_bricks":15,"framedblocks:framed_double_slope_slab":2,"mcwwindows:spruce_log_parapet":19,"minecraft:dark_oak_planks":3,"minecraft:arrow":326,"immersiveengineering:steel_scaffolding_standard":3,"minecraft:nether_bricks":737,"mcwfences:wooden_cheval_de_frise":4,"minecraft:saddle":3,"minecraft:skeleton_skull":1,"sophisticatedbackpacks:advanced_magnet_upgrade":1,"immersiveengineering:ingot_steel":13,"born_in_chaos_v1:corpse_maggot":108,"immersiveengineering:connector_lv":4,"minecraft:air":0,"minecraft:crimson_stem":5,"minecraft:salmon":9,"minecraft:leather":19,"minecraft:birch_planks":4,"minecraft:chainmail_chestplate":3,"minecraft:yellow_bed":10,"minecraft:cobblestone_wall":5,"minecraft:gunpowder":40,"minecraft:cobblestone_stairs":9,"tombstone:voodoo_poppet":2,"minecraft:cooked_mutton":11,"cataclysm:infernal_forge":1,"minecraft:iron_ingot":435,"minecraft:cooked_chicken":1,"born_in_chaos_v1:chipped_black_argillite_brick":3,"born_in_chaos_v1:fel_lamp":1,"minecraft:soul_sand":40,"sophisticatedbackpacks:diamond_backpack":4,"minecraft:book":312,"minecraft:scaffolding":1480,"minecraft:oak_slab":6,"minecraft:warped_fungus":1,"minecraft:black_candle":5,"minecraft:red_concrete_powder":4767,"croptopia:apricot":11,"born_in_chaos_v1:lifestealer_bone":11,"minecraft:quartz":45,"minecraft:dandelion":37,"born_in_chaos_v1:dark_rod":1,"minecraft:blast_furnace":13,"minecraft:white_bed":42,"minecraft:nether_brick_slab":5,"minecraft:dark_oak_fence_gate":3,"minecraft:spider_eye":33,"mowziesmobs:naga_fang":2,"minecraft:pumpkin_seeds":33,"storagedrawers:spruce_full_drawers_1":6,"minecraft:chainmail_leggings":1,"minecraft:cherry_sapling":11,"minecraft:terracotta":1841,"tombstone:magic_scroll":23,"minecraft:damaged_anvil":4,"minecraft:red_concrete":1099,"minecraft:coal":832,"minecraft:sunflower":87},"minecraft:broken":{"minecraft:diamond_helmet":1,"minecraft:shears":14,"minecraft:diamond_shovel":2,"minecraft:diamond_pickaxe":2,"minecraft:bow":1,"minecraft:crossbow":2,"minecraft:diamond_leggings":2,"minecraft:iron_axe":14,"minecraft:iron_pickaxe":1,"minecraft:diamond_boots":1,"minecraft:stone_axe":3,"minecraft:stone_shovel":1,"minecraft:diamond_chestplate":1,"minecraft:diamond_axe":7},"minecraft:killed":{"alexsmobs:lobster":1,"minecraft:cave_spider":6,"born_in_chaos_v1:mr_pumpkin":4,"born_in_chaos_v1:zombie_lumberjack":5,"born_in_chaos_v1:restless_spirit":2,"born_in_chaos_v1:skeleton_demoman":2,"born_in_chaos_v1:door_knight_not_despawn":1,"born_in_chaos_v1:sir_the_headless":1,"born_in_chaos_v1:siamese_skeletonsright":1,"born_in_chaos_v1:baby_skeleton_minion":8,"minecraft:skeleton":105,"minecraft:chicken":1,"born_in_chaos_v1:skeleton_thrasher":2,"born_in_chaos_v1:supreme_bonescaller_stage_2":1,"minecraft:magma_cube":76,"born_in_chaos_v1:bone_imp":88,"minecraft:iron_golem":17,"minecraft:pillager":66,"minecraft:zombie":163,"born_in_chaos_v1:corpse_fly":8,"born_in_chaos_v1:door_knight":3,"minecraft:cow":2,"mowziesmobs:naga":1,"minecraft:evoker":3,"minecraft:vindicator":20,"born_in_chaos_v1:firelight":17,"born_in_chaos_v1:pumpkinhead":1,"born_in_chaos_v1:dire_hound_leader":1,"born_in_chaos_v1:barrel_zombie":14,"minecraft:husk":1,"alexsmobs:guster":1,"born_in_chaos_v1:bone_imp_minion":11,"minecraft:wandering_trader":5,"minecraft:ravager":7,"born_in_chaos_v1:decrepit_skeleton":14,"born_in_chaos_v1:bloody_gadfly":6,"born_in_chaos_v1:dark_vortex":2,"goblintraders:vein_goblin_trader":2,"minecraft:enderman":7,"born_in_chaos_v1:lifestealer_true_form":3,"born_in_chaos_v1:zombie_clown":2,"minecraft:zombified_piglin":260,"minecraft:witch":6,"minecraft:spider":49,"cataclysm:netherite_monstrosity":1,"minecraft:wither":1,"born_in_chaos_v1:firelight_not_despawn":1,"minecraft:piglin":6,"born_in_chaos_v1:bonescaller":1,"minecraft:pig":1,"born_in_chaos_v1:diamond_termite":4,"minecraft:zombie_villager":5,"born_in_chaos_v1:glutton_fish":1,"minecraft:creeper":27,"alexsmobs:crimson_mosquito":11,"minecraft:sheep":2,"minecraft:trader_llama":8,"born_in_chaos_v1:zombie_fisherman":2,"born_in_chaos_v1:dread_hound":7,"minecraft:ghast":4,"minecraft:stray":6,"alexsmobs:fly":4,"born_in_chaos_v1:siamese_skeletonsleft":1,"minecraft:blaze":89,"alexsmobs:dropbear":23,"minecraft:vex":3,"minecraft:slime":5,"born_in_chaos_v1:zombie_bruiser":2,"born_in_chaos_v1:maggot":185,"minecraft:phantom":18,"minecraft:panda":1,"minecraft:drowned":1,"born_in_chaos_v1:corpse_fish":1,"born_in_chaos_v1:mr_pumpkin_controlled":1,"born_in_chaos_v1:baby_skeleton":6,"born_in_chaos_v1:swarmer":1,"minecraft:bat":3,"minecraft:hoglin":1,"minecraft:squid":6,"born_in_chaos_v1:bonescaller_not_despawn":2,"tombstone:spectral_wolf":2,"alexsmobs:crow":1,"minecraft:wither_skeleton":142,"born_in_chaos_v1:decaying_zombie_not_despawn":1}},"DataVersion":3465}