{"stats":{"minecraft:killed":{"born_in_chaos_v1:mr_pumpkin":28,"born_in_chaos_v1:zombie_lumberjack":4,"born_in_chaos_v1:skeleton_demoman":1,"born_in_chaos_v1:sir_the_headless":4,"born_in_chaos_v1:pumpkin_spirit":2,"minecraft:zombie_horse":2,"born_in_chaos_v1:bone_imp":18,"minecraft:iron_golem":15,"minecraft:pillager":49,"minecraft:zombie":138,"minecraft:evoker":6,"minecraft:vindicator":14,"born_in_chaos_v1:firelight":22,"goblintraders:goblin_trader":1,"minecraft:rabbit":1,"born_in_chaos_v1:bloody_gadfly":8,"minecraft:zombified_piglin":188,"minecraft:witch":6,"minecraft:spider":44,"minecraft:wither":2,"alexsmobs:hammerhead_shark":1,"minecraft:camel":1,"born_in_chaos_v1:firelight_not_despawn":1,"alexsmobs:triops":2,"minecraft:piglin":22,"minecraft:zombie_villager":2,"born_in_chaos_v1:glutton_fish":2,"alexsmobs:crimson_mosquito":12,"minecraft:sheep":17,"minecraft:trader_llama":15,"born_in_chaos_v1:zombie_fisherman":3,"minecraft:ghast":7,"born_in_chaos_v1:siamese_skeletonsleft":3,"minecraft:vex":16,"alexsmobs:tasmanian_devil":1,"minecraft:slime":14,"born_in_chaos_v1:zombie_bruiser":2,"alexsmobs:blue_jay":2,"minecraft:drowned":2,"born_in_chaos_v1:corpse_fish":5,"born_in_chaos_v1:baby_skeleton":4,"minecraft:hoglin":3,"alexsmobs:cockroach":1,"tombstone:spectral_wolf":4,"minecraft:wither_skeleton":38,"minecraft:villager":1,"minecraft:cave_spider":2,"born_in_chaos_v1:restless_spirit":12,"born_in_chaos_v1:door_knight_not_despawn":1,"born_in_chaos_v1:siamese_skeletonsright":3,"born_in_chaos_v1:baby_skeleton_minion":1,"minecraft:skeleton":54,"minecraft:chicken":3,"born_in_chaos_v1:skeleton_thrasher":1,"born_in_chaos_v1:supreme_bonescaller_stage_2":1,"minecraft:cat":3,"minecraft:magma_cube":78,"born_in_chaos_v1:dread_hound_not_despawn":3,"born_in_chaos_v1:corpse_fly":10,"alexsmobs:maned_wolf":1,"alexsmobs:roadrunner":3,"born_in_chaos_v1:door_knight":2,"minecraft:cow":17,"alexsmobs:seagull":7,"born_in_chaos_v1:thornshell_crab":3,"born_in_chaos_v1:pumpkinhead":4,"minecraft:horse":6,"born_in_chaos_v1:barrel_zombie":11,"alexsmobs:guster":5,"born_in_chaos_v1:bone_imp_minion":6,"minecraft:wandering_trader":3,"born_in_chaos_v1:decrepit_skeleton":7,"born_in_chaos_v1:dark_vortex":2,"minecraft:enderman":10,"alexsmobs:hummingbird":1,"minecraft:pig":4,"born_in_chaos_v1:diamond_termite":3,"minecraft:creeper":37,"alexsmobs:warped_toad":1,"born_in_chaos_v1:dread_hound":11,"minecraft:stray":1,"alexsmobs:fly":4,"minecraft:blaze":132,"alexsmobs:dropbear":31,"alexsmobs:tarantula_hawk":5,"born_in_chaos_v1:zombie_clown_not_despawn":1,"alexsmobs:rattlesnake":10,"born_in_chaos_v1:maggot":249,"minecraft:phantom":2,"alexsmobs:flying_fish":3,"mowziesmobs:umvuthana":3,"born_in_chaos_v1:mr_pumpkin_controlled":6,"born_in_chaos_v1:fallen_chaos_knight":1,"mowziesmobs:baby_foliaath":2,"born_in_chaos_v1:felsteed":3,"born_in_chaos_v1:phantom_creeper_copy":2,"alexsmobs:crow":1},"minecraft:crafted":{"minecraft:yellow_wool":16,"immersiveengineering:hammer":1,"minecraft:blaze_powder":8,"alexsmobs:banana_peel":2,"minecraft:nether_brick":985,"immersiveengineering:ingot_silver":1,"minecraft:diamond_helmet":4,"connectedglass:scratched_glass_red":48,"immersiveengineering:plate_lead":2,"minecraft:tipped_arrow":5,"minecraft:redstone_lamp":192,"mcwfences:railing_nether_brick_wall":3,"minecraft:sticky_piston":2,"minecraft:red_nether_bricks":406,"waystones:warp_stone":5,"minecraft:lectern":2,"naturescompass:naturescompass":1,"minecraft:stone_slab":6,"minecraft:iron_pickaxe":4,"minecraft:sandstone":32,"minecraft:netherite_ingot":1,"minecraft:nautilus_shell":5,"minecraft:iron_nugget":126,"minecraft:soul_torch":24,"minecraft:spruce_fence":39,"minecraft:quartz":2,"minecraft:spruce_stairs":28,"connectedglass:clear_glass_yellow":88,"alexsmobs:blood_sprayer":1,"framedblocks:framed_tube":1,"immersiveengineering:rs_engineering":4,"sophisticatedbackpacks:gold_backpack":3,"framedblocks:framed_vertical_double_stairs":1,"connectedglass:scratched_glass_orange":24,"minecraft:enchanted_book":16,"minecraft:orange_dye":645,"immersiveengineering:blueprint":1,"minecraft:red_stained_glass":872,"mcwfences:spruce_horse_fence":48,"minecraft:soul_lantern":11,"storagedrawers:iron_storage_upgrade":2,"mcwfences:oak_horse_fence":81,"framedblocks:framed_slab":12,"minecraft:iron_shovel":2,"immersiveengineering:connector_lv_relay":8,"minecraft:grindstone":1,"minecraft:barrel":9,"mcwwindows:red_mosaic_glass_pane":176,"minecraft:cooked_chicken":3,"minecraft:stone":107,"immersiveengineering:sheetmetal_iron":4,"minecraft:heavy_weighted_pressure_plate":1,"immersiveengineering:cloche":1,"born_in_chaos_v1:dark_ritual_dagger":1,"minecraft:comparator":2,"immersiveengineering:ingot_lead":14,"minecraft:chest":93,"immersiveengineering:treated_wood_horizontal":104,"minecraft:rail":16,"minecraft:bricks":1,"minecraft:stone_bricks":72,"mcwwindows:nether_brick_arrow_slit":3,"minecraft:red_nether_brick_slab":54,"minecraft:oak_fence":3,"minecraft:ender_eye":6,"mcwfences:modern_nether_brick_wall":6,"minecraft:arrow":192,"mcwwindows:window_centre_bar_base":48,"tombstone:decorative_grave_simple":1,"mcwfences:spruce_pyramid_gate":16,"sophisticatedbackpacks:upgrade_base":7,"minecraft:yellow_stained_glass":28,"minecraft:dispenser":2,"minecraft:spruce_trapdoor":32,"born_in_chaos_v1:staffofthe_summoner":1,"sophisticatedbackpacks:xp_pump_upgrade":2,"minecraft:yellow_dye":1115,"minecraft:purple_dye":16,"chipped:botanist_workbench":1,"sophisticatedbackpacks:diamond_backpack":1,"minecraft:stick":10043,"minecraft:iron_ingot":396,"minecraft:dark_oak_fence_gate":74,"croptopia:pear_sapling":2,"minecraft:nether_brick_slab":12,"connectedglass:scratched_glass_yellow":4,"minecraft:furnace":8,"minecraft:blast_furnace":1,"minecraft:piston":6,"minecraft:oak_trapdoor":52,"minecraft:flint_and_steel":1,"minecraft:scaffolding":42,"born_in_chaos_v1:bone_handle":2,"immersiveengineering:waterwheel_segment":12,"chipped:tinkering_table":1,"storagedrawers:spruce_full_drawers_1":1,"elevatorid:elevator_white":2,"connectedglass:borderless_glass_orange":852,"minecraft:jungle_planks":8,"immersiveengineering:balloon":9,"sophisticatedbackpacks:pickup_upgrade":1,"tombstone:dark_marble":4,"born_in_chaos_v1:black_argillite_slab":12,"minecraft:stonecutter":1,"minecraft:anvil":2,"minecraft:andesite":128,"minecraft:torch":376,"fantasyfurniture:nordic/wool":64,"chipped:glassblower":1,"minecraft:diamond_chestplate":2,"immersiveengineering:craftingtable":1,"minecraft:smooth_stone":3,"connectedglass:borderless_glass_red":940,"minecraft:cut_sandstone":8,"mcwwindows:red_mosaic_glass":64,"connectedglass:clear_glass":4,"born_in_chaos_v1:death_totem":1,"minecraft:orange_stained_glass":520,"waystones:waystone":4,"sophisticatedbackpacks:crafting_upgrade":1,"minecraft:lever":2,"croptopia:avocado_sapling":1,"immersiveengineering:stick_steel":4,"minecraft:bookshelf":3,"framedblocks:framed_vertical_sliced_stairs":4,"connectedglass:borderless_glass":8,"minecraft:cooked_mutton":19,"immersiveengineering:workbench":1,"mcwfences:nether_brick_pillar_wall":10,"connectedglass:clear_glass_orange":852,"minecraft:glass":2520,"minecraft:diamond_leggings":2,"sophisticatedbackpacks:tank_upgrade":3,"immersiveengineering:dust_aluminum":1,"minecraft:flower_pot":3,"mcwwindows:oak_window2":24,"minecraft:emerald":2397,"minecraft:cooked_porkchop":8,"minecraft:diamond_axe":2,"immersiveengineering:slab_treated_wood_horizontal":6,"minecraft:spruce_door":3,"minecraft:copper_ingot":1,"minecraft:oak_wood":6,"connectedglass:borderless_glass_yellow":88,"mcwwindows:window_base":72,"minecraft:compass":1,"minecraft:iron_block":195,"minecraft:gold_ingot":144,"storagedrawers:upgrade_template":20,"minecraft:stone_shovel":1,"sophisticatedbackpacks:inception_upgrade":1,"storagedrawers:spruce_full_drawers_4":28,"storagedrawers:spruce_full_drawers_2":20,"minecraft:bone_meal":883,"minecraft:white_carpet":15,"alexsmobs:acacia_blossom":4,"storagedrawers:emerald_storage_upgrade":14,"sophisticatedbackpacks:advanced_pump_upgrade":2,"croptopia:peach_sapling":4,"born_in_chaos_v1:pieceofdarkmetal":18,"minecraft:dark_oak_fence":39,"minecraft:spruce_slab":96,"minecraft:ender_pearl":38,"minecraft:diamond_boots":2,"immersiveengineering:treated_fence":3,"minecraft:redstone_block":1,"minecraft:dark_oak_planks":1236,"minecraft:wheat":9,"minecraft:bone":42,"minecraft:oak_stairs":224,"connectedglass:clear_glass_red":940,"minecraft:iron_leggings":6,"minecraft:white_bed":4,"elevatorid:elevator_yellow":2,"minecraft:nether_brick_stairs":9,"minecraft:brick":86,"mcwwindows:window_half_bar_base":72,"minecraft:oak_planks":1344,"born_in_chaos_v1:black_argillite_stairs":12,"immersiveengineering:manual":2,"minecraft:cobblestone_stairs":120,"minecraft:green_dye":9,"minecraft:hopper":25,"framedblocks:framing_saw":1,"immersiveengineering:ingot_aluminum":1,"minecraft:oak_slab":216,"sophisticatedbackpacks:backpack":2,"minecraft:crafting_table":11,"minecraft:spruce_planks":7068,"minecraft:baked_potato":1545,"immersiveengineering:cokebrick":30,"minecraft:hopper_minecart":4,"minecraft:birch_planks":52,"minecraft:diorite":64,"minecraft:dark_oak_slab":384,"minecraft:book":3,"minecraft:iron_chestplate":4,"minecraft:paper":3,"minecraft:charcoal":107,"minecraft:shield":12,"elevatorid:elevator_purple":1,"immersiveengineering:stick_treated":56,"mcwwindows:oak_four_window":48,"minecraft:redstone_torch":14,"framedblocks:framed_trapdoor":12,"minecraft:shears":10,"sophisticatedbackpacks:advanced_pickup_upgrade":1,"minecraft:nether_wart":384,"minecraft:purple_wool":9,"croptopia:apple_sapling":8,"minecraft:mangrove_propagule":1,"minecraft:redstone":22,"simplyswords:diamond_scythe":1,"sophisticatedbackpacks:advanced_magnet_upgrade":2,"minecraft:dark_oak_trapdoor":128,"minecraft:dark_oak_sign":15,"storagedrawers:controller":1,"minecraft:leather":2,"minecraft:iron_axe":3,"mcwfences:oak_stockade_fence":51,"minecraft:iron_hoe":4,"minecraft:netherite_scrap":5,"minecraft:minecart":11,"sophisticatedbackpacks:iron_backpack":3,"minecraft:cooked_beef":3,"minecraft:sugar":2,"minecraft:red_dye":590,"croptopia:orange_sapling":4,"framedblocks:framed_elevated_double_slope_edge":1,"immersiveengineering:watermill":1,"chipped:loom_table":1,"minecraft:nether_bricks":64,"minecraft:bucket":36,"minecraft:air":0,"minecraft:bread":218,"minecraft:blue_dye":14,"minecraft:oak_boat":1,"sophisticatedbackpacks:pump_upgrade":2,"framedblocks:framed_cube":325,"immersiveengineering:plate_iron":65,"minecraft:lapis_lazuli":9,"storagedrawers:oak_half_drawers_2":4},"minecraft:mined":{"minecraft:red_nether_brick_slab":41,"born_in_chaos_v1:cultivated_pumpkin":4,"minecraft:white_bed":35,"chipped:cobbled_nether_bricks":19,"chipped:raster_red_stained_glass":2,"minecraft:red_nether_bricks":1,"chipped:tiny_layered_magma_block_bricks":3,"born_in_chaos_v1:dark_metal_deposit":9,"minecraft:nether_wart":13,"minecraft:spawner":9,"minecraft:polished_blackstone_bricks":3,"chipped:ornate_nether_bricks_pillar":345,"minecraft:magma_block":3421,"chipped:layed_magma_block_bricks":86,"minecraft:dark_oak_trapdoor":6,"minecraft:fire":116,"minecraft:barrel":15,"minecraft:fletching_table":8,"minecraft:nether_brick_stairs":66,"minecraft:pink_tulip":9,"minecraft:white_banner":2,"minecraft:tripwire":6,"minecraft:cut_sandstone":49,"chipped:fancy_orange_stained_glass":7,"minecraft:crimson_nylium":173,"chipped:raster_orange_stained_glass":3,"minecraft:torch":29,"minecraft:dead_bush":4,"minecraft:nether_brick_slab":265,"minecraft:sugar_cane":31,"minecraft:amethyst_block":1,"minecraft:birch_sapling":5,"minecraft:white_terracotta":50,"minecraft:chain":3,"minecraft:repeater":1,"minecraft:grass":1646,"chipped:engraved_nether_bricks":1,"minecraft:dark_oak_sapling":43,"tombstone:decorative_grave_simple":1,"minecraft:smooth_basalt":1,"mcwfences:spruce_picket_fence":2,"minecraft:deepslate":24,"framedblocks:framed_sliced_stairs_panel":2,"minecraft:suspicious_gravel":15,"minecraft:mossy_cobblestone":46,"chipped:large_diamond_orange_stained_glass":6,"minecraft:dark_oak_log":50,"minecraft:dark_oak_fence":1,"minecraft:spruce_fence":49,"storagedrawers:spruce_full_drawers_1":2,"minecraft:cartography_table":1,"minecraft:red_mushroom":8,"born_in_chaos_v1:gnawed_bones":2,"immersiveengineering:ore_silver":10,"chipped:massive_stone_bricks":278,"minecraft:redstone_ore":22,"minecraft:andesite":40,"chipped:tiny_nether_bricks_bricks":7,"chipped:reinforced_spruce_crate":2,"born_in_chaos_v1:black_argillite_slab":9,"minecraft:cobblestone_slab":658,"minecraft:vine":2,"chipped:shroomlight_lodestone_side":1,"minecraft:oak_slab":70,"mcwfences:oak_horse_fence":3,"minecraft:glass_pane":16,"minecraft:soul_sand":243,"chipped:smooth_inlayed_nether_bricks":22,"minecraft:dandelion":91,"minecraft:cornflower":4,"minecraft:warped_roots":12,"chipped:pegged_red_concrete":6,"minecraft:tall_grass":481,"minecraft:copper_ore":136,"minecraft:deepslate_gold_ore":9,"minecraft:diorite":4,"minecraft:warped_wart_block":3,"minecraft:red_terracotta":3,"minecraft:coarse_dirt":607,"minecraft:sunflower":80,"minecraft:gravel":2142,"minecraft:cobweb":10,"minecraft:polished_blackstone":1,"minecraft:stone_bricks":4,"minecraft:gold_ore":12,"immersiveengineering:crate":4,"minecraft:fern":2,"minecraft:stone_pressure_plate":2,"minecraft:oak_sapling":52,"minecraft:farmland":49,"minecraft:orange_stained_glass":715,"mcwwindows:red_mosaic_glass_pane":1,"minecraft:brewing_stand":4,"minecraft:spruce_trapdoor":37,"sophisticatedbackpacks:iron_backpack":5,"minecraft:polished_blackstone_brick_slab":1,"minecraft:gilded_blackstone":3,"chipped:carved_nether_bricks":6,"framedblocks:framing_saw":4,"minecraft:brown_bed":2,"minecraft:red_tulip":37,"chipped:tiny_netherrack_bricks":105,"minecraft:azalea":1,"sophisticatedbackpacks:copper_backpack":2,"minecraft:spruce_slab":22,"framedblocks:framed_vertical_double_stairs":2,"minecraft:deepslate_redstone_ore":46,"minecraft:gray_terracotta":2,"chipped:rough_nether_bricks":7,"minecraft:polished_blackstone_wall":2,"minecraft:orange_terracotta":4,"minecraft:light_gray_terracotta":8,"minecraft:jungle_stairs":2,"framedblocks:framed_stairs":2,"minecraft:beacon":2,"minecraft:nether_quartz_ore":61,"minecraft:oak_planks":217,"minecraft:wall_torch":19,"chipped:loom_table":1,"minecraft:warped_nylium":109,"chipped:large_diamond_red_stained_glass":90,"chipped:loded_netherrack":4,"minecraft:dark_oak_slab":17,"born_in_chaos_v1:river_mint":19,"minecraft:tnt":34,"minecraft:oak_log":330,"minecraft:dirt":4623,"chipped:layed_netherrack_bricks":5,"minecraft:ancient_debris":3,"framedblocks:framed_slab":356,"immersiveengineering:workbench":1,"mcwwindows:nether_brick_arrow_slit":50,"framedblocks:framed_panel":57,"chipped:small_gray_terracotta_tiles":83,"minecraft:crying_obsidian":2,"chipped:mason_table":5,"minecraft:red_stained_glass":694,"born_in_chaos_v1:infected_diamond_ore":2,"minecraft:glow_lichen":1,"minecraft:decorated_pot":1,"minecraft:spruce_leaves":763,"minecraft:crimson_stem":1,"minecraft:hay_block":4,"chipped:netherrack_scales":127,"mcwfences:nether_brick_pillar_wall":28,"minecraft:nether_sprouts":8,"minecraft:orange_stained_glass_pane":1,"minecraft:gold_block":5,"minecraft:bookshelf":8,"minecraft:shroomlight":5,"minecraft:stripped_oak_log":30,"immersiveengineering:craftingtable":2,"minecraft:acacia_leaves":2,"minecraft:scaffolding":133,"born_in_chaos_v1:marigolds":44,"minecraft:stripped_dark_oak_log":5,"minecraft:basalt":1,"minecraft:oak_fence":11,"born_in_chaos_v1:black_argillite_stairs":11,"born_in_chaos_v1:black_argillite_brick_n":1,"chipped:massive_netherrack_bricks":9,"minecraft:red_concrete":93,"chipped:grill_red_concrete":20,"chipped:small_red_stained_glass":8,"chipped:curly_nether_bricks_pillar":74,"framedblocks:framed_double_stairs":15,"elevatorid:elevator_white":11,"storagedrawers:spruce_full_drawers_4":6,"minecraft:mossy_stone_bricks":1,"minecraft:dark_oak_planks":9,"mcwwindows:orange_mosaic_glass":4,"chipped:nether_bricks_scales":41,"cataclysm:stone_tiles":164,"minecraft:carved_pumpkin":1,"minecraft:obsidian":64,"minecraft:red_sand":6,"minecraft:crimson_fungus":3,"minecraft:hopper":5,"minecraft:oxeye_daisy":6,"immersiveengineering:deepslate_ore_silver":36,"minecraft:pumpkin":5,"chipped:bordered_netherrack":36,"minecraft:water_cauldron":1,"minecraft:dirt_path":147,"minecraft:oak_stairs":193,"minecraft:small_amethyst_bud":1,"chipped:vertical_stiped_orange_stained_glass":6,"immersiveengineering:balloon":9,"minecraft:smooth_sandstone_stairs":2,"minecraft:iron_block":284,"minecraft:brown_mushroom":4,"minecraft:red_bed":1,"mcwfences:nether_brick_railing_gate":1,"minecraft:soul_fire":34,"minecraft:amethyst_cluster":1,"minecraft:blast_furnace":7,"minecraft:glass":14,"minecraft:cyan_bed":14,"alexsmobs:gustmaker":1,"chipped:smooth_netherrack_column":157,"chipped:bordered_nether_bricks":148,"chipped:red_concrete_pillar":6,"minecraft:wheat":11,"chipped:checkered_nether_bricks_tiles":29,"minecraft:warped_fungus":6,"minecraft:stone_brick_stairs":1,"minecraft:copper_block":2,"mcwfences:spruce_pyramid_gate":14,"framedblocks:framed_tube":1,"mcwfences:modern_nether_brick_wall":133,"framedblocks:framed_slab_edge":4,"minecraft:stonecutter":3,"born_in_chaos_v1:infernal_evil_pumpkin_s":1,"minecraft:yellow_stained_glass":7,"minecraft:piston":1,"connectedglass:borderless_glass_orange":1,"chipped:creeper_red_concrete":1,"minecraft:nether_bricks":2576,"minecraft:jungle_planks":12,"born_in_chaos_v1:black_argillite":90,"minecraft:crimson_roots":13,"born_in_chaos_v1:fel_soil":33,"minecraft:moss_block":3,"mcwwindows:oak_four_window":10,"minecraft:jungle_sapling":1,"chipped:edged_nether_bricks_bricks":41,"chipped:fine_nether_bricks_pillar":116,"minecraft:potatoes":6,"minecraft:bamboo":20,"minecraft:cut_copper":3,"minecraft:white_wool":13,"immersiveengineering:ore_aluminum":107,"connectedglass:borderless_glass_red":1,"minecraft:smithing_table":2,"mcwwindows:red_mosaic_glass":3,"framedblocks:framed_double_slab":22,"chipped:magma_block_bricks":4,"minecraft:smooth_sandstone":3,"mcwwindows:oak_window2":4,"mcwfences:spruce_horse_fence":16,"minecraft:spruce_log":46,"minecraft:spruce_planks":42,"chipped:fancy_red_stained_glass":7,"minecraft:cobblestone_stairs":1,"sophisticatedbackpacks:gold_backpack":5,"minecraft:grass_block":3707,"minecraft:soul_soil":74,"minecraft:mud_brick_wall":2,"born_in_chaos_v1:pile_of_skulls":2,"minecraft:glowstone":474,"minecraft:iron_ore":42,"connectedglass:clear_glass_red":110,"minecraft:azure_bluet":6,"minecraft:dark_oak_stairs":12,"immersiveengineering:ore_lead":52,"minecraft:green_bed":2,"framedblocks:framed_trapdoor":254,"chipped:smooth_nether_bricks_column":9,"chipped:spiraled_nether_bricks":13,"minecraft:blackstone":58,"minecraft:clay":99,"minecraft:poppy":25,"chipped:massive_nether_bricks_bricks":591,"minecraft:chest":1,"minecraft:mushroom_stem":22,"minecraft:cobblestone":434,"minecraft:grindstone":4,"cataclysm:stone_tile_slab":2,"minecraft:seagrass":3,"minecraft:acacia_sapling":3,"chipped:brick_bordered_nether_bricks":1,"born_in_chaos_v1:tombstone_dark_titan_066":2,"minecraft:nether_wart_block":8,"chipped:spiraled_magma_block":1,"immersiveengineering:deepslate_ore_lead":9,"minecraft:orange_tulip":68,"chipped:cracked_magma_block_bricks":11,"minecraft:sand":3833,"chipped:woven_red_stained_glass":2,"minecraft:netherrack":7060,"minecraft:oak_leaves":23,"minecraft:redstone_lamp":45,"minecraft:nether_gold_ore":32,"minecraft:diamond_ore":2,"minecraft:deepslate_diamond_ore":31,"minecraft:candle":8,"minecraft:oak_door":5,"fantasyfurniture:furniture_station":1,"chipped:cut_red_nether_bricks_column":12,"chipped:woven_orange_stained_glass":85,"fantasyfurniture:venthyr/desk_left":1,"chipped:iron_bowl_soul_lantern":3,"minecraft:brick_stairs":2,"connectedglass:clear_glass_orange":64,"mcwfences:railing_nether_brick_wall":5,"minecraft:mangrove_propagule":3,"minecraft:sandstone":594,"minecraft:rooted_dirt":15,"minecraft:large_fern":3,"storagedrawers:spruce_full_drawers_2":40,"minecraft:oak_trapdoor":10,"minecraft:spruce_sapling":33,"minecraft:furnace":9,"minecraft:carrots":6,"minecraft:red_concrete_powder":116,"minecraft:chiseled_sandstone":2,"minecraft:dark_oak_fence_gate":2,"minecraft:stripped_spruce_log":2,"immersiveengineering:turntable":2,"chipped:loded_red_nether_bricks":39,"croptopia:cinnamon_sapling":4,"immersiveengineering:lantern":4,"minecraft:lantern":1,"minecraft:packed_ice":1,"minecraft:stone":19597,"minecraft:white_tulip":34,"minecraft:podzol":18,"minecraft:flowering_azalea":9,"minecraft:crafting_table":6,"minecraft:blackstone_slab":3,"minecraft:oak_wood":7,"connectedglass:clear_glass_yellow":8,"minecraft:rose_bush":20,"minecraft:lectern":430,"minecraft:lapis_ore":6,"framedblocks:framed_elevated_double_slope_edge":1,"mcwfences:oak_stockade_fence":13,"minecraft:blue_bed":5,"minecraft:spruce_stairs":8,"minecraft:brick_slab":1,"immersiveengineering:connector_lv_relay":1,"mcwwindows:spruce_curtain_rod":1,"chipped:cut_nether_bricks_column":55,"chipped:small_magma_block_bricks":13,"minecraft:mangrove_slab":8,"minecraft:coal_ore":355,"chipped:vertical_stiped_red_stained_glass":7,"minecraft:terracotta":2245},"minecraft:killed_by":{"minecraft:ravager":2,"minecraft:zombie":1,"born_in_chaos_v1:lifestealer_true_form":1,"minecraft:zombified_piglin":3,"alexsmobs:dropbear":3,"born_in_chaos_v1:bone_imp":1,"born_in_chaos_v1:nightmare_stalker":1,"minecraft:pillager":1,"minecraft:vindicator":6,"minecraft:vex":6,"minecraft:stray":1,"cataclysm:netherite_monstrosity":2,"minecraft:wither_skeleton":3,"minecraft:blaze":1,"minecraft:witch":1,"alexsmobs:bone_serpent":1,"minecraft:player":2,"minecraft:spider":1,"minecraft:enderman":1,"minecraft:iron_golem":1,"mowziesmobs:ferrous_wroughtnaut":1},"minecraft:broken":{"minecraft:diamond_helmet":4,"minecraft:shears":2,"minecraft:diamond_shovel":1,"minecraft:diamond_pickaxe":1,"minecraft:iron_hoe":1,"minecraft:diamond_leggings":1,"minecraft:shield":1,"minecraft:iron_pickaxe":3,"minecraft:iron_shovel":3,"minecraft:diamond_boots":2,"minecraft:stone_axe":1,"minecraft:stone_shovel":1,"minecraft:diamond_chestplate":1,"minecraft:diamond_axe":2,"minecraft:chainmail_boots":1,"minecraft:golden_sword":3,"minecraft:iron_axe":5,"minecraft:flint_and_steel":1,"minecraft:golden_axe":1},"minecraft:picked_up":{"minecraft:smithing_table":2,"minecraft:lead":16,"minecraft:enchanted_book":15,"framedblocks:framed_vertical_double_stairs":2,"chipped:tiny_layered_magma_block_bricks":2,"chipped:edged_nether_bricks_bricks":10,"chipped:red_concrete_pillar":6,"minecraft:string":124,"minecraft:shroomlight":5,"minecraft:diamond_leggings":3,"minecraft:polished_blackstone_brick_slab":1,"immersiveengineering:shader_bag_epic":1,"born_in_chaos_v1:shattered_skull":2,"alexsmobs:small_catfish_bucket":1,"chipped:cracked_magma_block_bricks":10,"connectedglass:clear_glass_orange":16,"born_in_chaos_v1:fel_soil":32,"minecraft:golden_chestplate":1,"minecraft:cauldron":1,"chipped:netherrack_scales":36,"minecraft:stone_sword":12,"minecraft:red_tulip":37,"minecraft:carved_pumpkin":2,"minecraft:glowstone":1,"minecraft:bookshelf":4,"minecraft:white_terracotta":49,"born_in_chaos_v1:cultivated_pumpkin":4,"minecraft:blaze_rod":44,"chipped:bordered_netherrack":36,"minecraft:snowball":13,"minecraft:cooked_beef":2,"minecraft:feather":28,"minecraft:water_bucket":2,"chipped:ornate_nether_bricks_pillar":322,"minecraft:dark_oak_boat":5,"minecraft:copper_block":2,"minecraft:flint":218,"chipped:loom_table":1,"minecraft:lantern":1,"tombstone:familiar_receptacle":1,"born_in_chaos_v1:marigolds":44,"chipped:carved_nether_bricks":3,"minecraft:stonecutter":3,"minecraft:diamond_helmet":1,"minecraft:rabbit":4,"minecraft:stripped_spruce_log":2,"sophisticatedbackpacks:iron_backpack":7,"chipped:raster_orange_stained_glass":3,"cataclysm:stone_tiles":255,"minecraft:iron_hoe":1,"croptopia:cherry":10,"minecraft:deepslate":9,"alexsmobs:tarantula_hawk_wing_fragment":8,"minecraft:rooted_dirt":9,"born_in_chaos_v1:rotten_fish":51,"minecraft:diamond_pickaxe":12,"minecraft:crimson_roots":36,"framedblocks:framed_stairs":6,"sophisticatedbackpacks:gold_backpack":6,"minecraft:clay_ball":135,"born_in_chaos_v1:seedof_chaos":11,"framedblocks:framed_tube":1,"minecraft:cornflower":7,"minecraft:flint_and_steel":1,"camera:image_frame":1,"born_in_chaos_v1:intoxicating_decoction":4,"minecraft:white_carpet":1,"minecraft:iron_shovel":1,"minecraft:polished_blackstone_wall":2,"mcwwindows:orange_mosaic_glass":4,"chipped:bordered_nether_bricks":2,"minecraft:spruce_slab":25,"minecraft:jungle_sapling":16,"minecraft:minecart":13,"minecraft:poppy":42,"minecraft:birch_sapling":8,"mcwfences:railing_nether_brick_wall":5,"minecraft:copper_ore":31,"minecraft:stone":9071,"born_in_chaos_v1:pieceofdarkmetal":33,"minecraft:stone_shovel":1,"minecraft:diamond_chestplate":2,"minecraft:hay_block":6,"born_in_chaos_v1:spiny_shell":8,"minecraft:totem_of_undying":5,"sophisticatedbackpacks:copper_backpack":7,"minecraft:polished_blackstone":1,"minecraft:mutton":25,"minecraft:oxeye_daisy":11,"minecraft:heartbreak_pottery_sherd":2,"born_in_chaos_v1:monster_flesh":15,"minecraft:yellow_dye":2,"minecraft:blackstone_slab":2,"immersiveengineering:dynamo":1,"minecraft:lily_pad":8,"chipped:smooth_netherrack_column":86,"alexsmobs:mosquito_proboscis":2,"minecraft:paper":9,"born_in_chaos_v1:soul_cutlass":5,"minecraft:apple":107,"mcwwindows:oak_window2":4,"minecraft:yellow_stained_glass":7,"tombstone:bag_of_seeds":6,"minecraft:smooth_basalt":1,"minecraft:milk_bucket":3,"minecraft:sweet_berries":8,"born_in_chaos_v1:orbofthe_summoner":1,"immersiveengineering:lantern":4,"tombstone:decorative_grave_simple":1,"minecraft:crying_obsidian":2,"minecraft:leather_helmet":1,"chipped:cut_red_nether_bricks_column":12,"minecraft:oak_wood":7,"minecraft:diamond_shovel":3,"minecraft:coal_ore":35,"minecraft:slime_ball":20,"immersiveengineering:seed":375,"born_in_chaos_v1:pile_of_skulls":1,"minecraft:deepslate_redstone_ore":1,"minecraft:red_nether_brick_slab":2,"minecraft:baked_potato":84,"immersiveengineering:raw_silver":86,"minecraft:hopper":5,"croptopia:cinnamon_log":33,"minecraft:gilded_blackstone":3,"born_in_chaos_v1:holiday_candy":102,"framedblocks:framed_panel":57,"minecraft:red_candle":3,"minecraft:experience_bottle":2,"alexsmobs:dropbear_claw":9,"immersiveengineering:raw_lead":70,"alexsmobs:blood_sac":8,"minecraft:red_sand":6,"minecraft:bucket":3,"minecraft:white_tulip":33,"minecraft:rose_bush":226,"minecraft:cobblestone_slab":48,"minecraft:ender_eye":2,"minecraft:azalea":5,"born_in_chaos_v1:stimulating_decoction":2,"croptopia:cinnamon_sapling":10,"chipped:fancy_red_stained_glass":8,"alexsmobs:banana_peel":1,"immersiveengineering:balloon":12,"minecraft:tipped_arrow":1,"minecraft:spruce_stairs":8,"minecraft:diorite":4,"fantasyfurniture:furniture_station":1,"tombstone:lollipop":32,"mcwfences:spruce_picket_fence":2,"minecraft:andesite_wall":1,"minecraft:rotten_flesh":605,"alexsmobs:emu_egg":2,"minecraft:mangrove_roots":13,"chipped:tiny_nether_bricks_bricks":7,"minecraft:obsidian":64,"minecraft:cobblestone":21290,"minecraft:raiser_armor_trim_smithing_template":3,"minecraft:repeater":1,"alexsmobs:gustmaker":1,"croptopia:nectarine":9,"minecraft:andesite":28,"minecraft:golden_leggings":3,"minecraft:beacon":3,"minecraft:potato":4057,"chipped:massive_netherrack_bricks":9,"minecraft:smooth_sandstone_stairs":2,"fantasyfurniture:venthyr/desk_left":1,"minecraft:dirt":12092,"born_in_chaos_v1:black_argillite_stairs":11,"minecraft:name_tag":1,"immersiveengineering:hemp_fiber":16,"minecraft:glass":358,"minecraft:bone":463,"minecraft:bow":9,"minecraft:wheat_seeds":3324,"minecraft:orange_tulip":67,"chipped:woven_red_stained_glass":2,"minecraft:grindstone":4,"minecraft:mossy_stone_bricks":1,"minecraft:fletching_table":8,"minecraft:bamboo":98,"camera:image":3,"chipped:smooth_nether_bricks_column":9,"immersiveengineering:raw_aluminum":107,"minecraft:nether_brick_stairs":46,"minecraft:grass_block":446,"chipped:pegged_red_concrete":5,"minecraft:mossy_cobblestone":41,"minecraft:light_gray_terracotta":1,"chipped:cut_nether_bricks_column":50,"minecraft:sugar":1,"chipped:massive_stone_bricks":289,"waystones:waystone":2,"minecraft:yellow_stained_glass_pane":1,"alexsmobs:rattlesnake_rattle":2,"minecraft:crossbow":8,"minecraft:bone_meal":13,"minecraft:spruce_sign":1,"minecraft:emerald":317,"minecraft:netherrack":8280,"born_in_chaos_v1:sea_terror_stomach":2,"born_in_chaos_v1:diamond_termite_shard":3,"minecraft:azure_bluet":7,"born_in_chaos_v1:river_mint":23,"croptopia:peach":26,"minecraft:brown_mushroom":8,"minecraft:chain":4,"mcwfences:spruce_horse_fence":16,"minecraft:brick":1,"minecraft:orange_stained_glass":22,"minecraft:oak_trapdoor":10,"minecraft:moss_carpet":6,"minecraft:blackstone":97,"immersiveengineering:crate":4,"immersiveengineering:workbench":1,"chipped:tiny_netherrack_bricks":102,"simplyswords:gold_greathammer":1,"minecraft:polished_blackstone_bricks":4,"minecraft:stone_pressure_plate":2,"minecraft:purple_candle":3,"minecraft:pumpkin_pie":3,"minecraft:nether_bricks":1162,"immersiveengineering:shader":1,"minecraft:pink_tulip":9,"minecraft:brick_stairs":2,"born_in_chaos_v1:corpse_maggot":185,"minecraft:basalt":1,"minecraft:golden_carrot":1,"minecraft:leather":65,"chipped:nether_bricks_scales":41,"minecraft:crimson_fungus":7,"minecraft:chainmail_chestplate":3,"minecraft:gunpowder":82,"minecraft:heart_pottery_sherd":1,"minecraft:orange_terracotta":4,"chipped:rough_nether_bricks":1,"minecraft:iron_ingot":347,"framedblocks:framed_elevated_double_slope_edge":1,"minecraft:tropical_fish_bucket":1,"minecraft:nether_quartz_ore":18,"minecraft:warped_fungus":9,"minecraft:black_candle":5,"connectedglass:borderless_glass_red":1,"croptopia:apricot":12,"minecraft:quartz":88,"minecraft:dandelion":111,"minecraft:amethyst_shard":4,"minecraft:nether_brick_slab":137,"minecraft:brick_slab":1,"minecraft:pumpkin_seeds":127,"mcwfences:oak_horse_fence":3,"minecraft:chainmail_leggings":1,"chipped:massive_nether_bricks_bricks":82,"minecraft:terracotta":5,"simplyswords:iron_chakram":1,"connectedglass:borderless_glass_orange":1,"minecraft:sunflower":588,"chipped:vertical_stiped_orange_stained_glass":7,"minecraft:seagrass":2,"minecraft:chainmail_boots":2,"minecraft:prismarine_shard":10,"minecraft:diamond_sword":1,"minecraft:oak_stairs":193,"minecraft:brown_bed":2,"minecraft:wither_rose":2,"immersiveengineering:turntable":2,"minecraft:brewing_stand":5,"minecraft:golden_sword":24,"minecraft:amethyst_block":1,"minecraft:soul_soil":72,"minecraft:red_nether_bricks":1,"simplyswords:diamond_scythe":1,"minecraft:blue_stained_glass_pane":1,"minecraft:beetroot":4,"minecraft:gold_nugget":244,"minecraft:cobbled_deepslate":16,"minecraft:spruce_planks":75,"chipped:checkered_nether_bricks_tiles":17,"minecraft:written_book":3,"chipped:small_red_stained_glass":8,"chipped:brick_bordered_nether_bricks":39,"minecraft:mangrove_log":12,"minecraft:sheaf_pottery_sherd":3,"minecraft:composter":1,"minecraft:green_bed":2,"born_in_chaos_v1:pileof_dark_metal":1,"minecraft:rabbit_foot":1,"minecraft:black_dye":2,"croptopia:persimmon":9,"minecraft:tropical_fish":1,"chipped:spiraled_magma_block":1,"minecraft:blue_dye":3,"minecraft:iron_block":518,"chipped:fine_nether_bricks_pillar":116,"minecraft:host_armor_trim_smithing_template":3,"alexsmobs:flying_fish":5,"minecraft:birch_log":64,"chipped:woven_orange_stained_glass":4,"minecraft:magma_block":3189,"born_in_chaos_v1:spiritual_dust":4,"minecraft:jungle_log":215,"cataclysm:stone_tile_slab":2,"minecraft:mangrove_slab":8,"minecraft:brown_candle":1,"minecraft:gray_terracotta":1,"chipped:large_diamond_orange_stained_glass":7,"minecraft:glowstone_dust":48,"minecraft:moss_block":11,"croptopia:lime":6,"croptopia:plum":2,"minecraft:warped_wart_block":3,"framedblocks:framed_double_stairs":15,"minecraft:ink_sac":4,"minecraft:barrel":17,"minecraft:dark_oak_log":993,"minecraft:red_terracotta":3,"mcwfences:oak_stockade_fence":13,"minecraft:bundle":13,"alexsmobs:guster_eye":3,"minecraft:miner_pottery_sherd":1,"chipped:small_magma_block_bricks":10,"minecraft:bread":29,"alexsmobs:maggot":8,"minecraft:dark_oak_fence":1,"minecraft:spruce_leaves":736,"minecraft:crafting_table":6,"minecraft:coarse_dirt":311,"minecraft:nether_wart":2557,"chipped:loded_red_nether_bricks":39,"minecraft:mourner_pottery_sherd":1,"minecraft:orange_stained_glass_pane":1,"cataclysm:monstrous_helm":1,"chipped:shroomlight_lodestone_side":1,"minecraft:red_bed":1,"minecraft:cartography_table":1,"croptopia:avocado":2,"minecraft:beef":49,"born_in_chaos_v1:gnawed_bones":5,"croptopia:coconut":2,"chipped:engraved_nether_bricks":4,"minecraft:chest":2,"chipped:small_gray_terracotta_tiles":109,"minecraft:egg":4,"chipped:mason_table":4,"alexsmobs:pocket_sand":1,"chipped:loded_netherrack":4,"minecraft:sandstone":195,"chipped:raster_red_stained_glass":2,"minecraft:oak_door":6,"minecraft:spruce_fence":49,"minecraft:skull_pottery_sherd":1,"minecraft:carrot":3431,"minecraft:redstone":178,"minecraft:tnt":34,"minecraft:beetroot_seeds":6,"minecraft:diamond_boots":2,"minecraft:cut_copper":3,"tombstone:essence_of_undeath":4,"minecraft:gold_ingot":12,"framedblocks:framed_slab_edge":4,"minecraft:glow_berries":1,"minecraft:white_wool":140,"minecraft:stripped_oak_log":30,"born_in_chaos_v1:pumpkin_staff":4,"minecraft:red_mushroom":8,"minecraft:filled_map":1,"minecraft:oak_log":1230,"minecraft:ancient_debris":4,"framedblocks:framed_slab":224,"minecraft:blue_bed":6,"minecraft:white_banner":14,"tombstone:gift":2,"sophisticatedbackpacks:upgrade_base":1,"minecraft:stone_bricks":4,"minecraft:kelp":8,"minecraft:cobweb":2,"mcwwindows:red_mosaic_glass_pane":1,"minecraft:glass_bottle":7,"minecraft:iron_sword":1,"minecraft:flowering_azalea":12,"elevatorid:elevator_white":12,"born_in_chaos_v1:ethereal_spirit":16,"storagedrawers:spruce_full_drawers_2":40,"minecraft:gravel":1173,"minecraft:prize_pottery_sherd":1,"minecraft:spruce_sapling":193,"minecraft:spruce_log":2859,"tombstone:scroll_of_true_sight":1,"minecraft:red_stained_glass":6,"chipped:grill_red_concrete":28,"minecraft:stone_axe":1,"croptopia:orange":48,"minecraft:scute":1,"minecraft:diamond_axe":2,"minecraft:gray_wool":1,"minecraft:warped_roots":28,"minecraft:warped_nylium":41,"minecraft:stripped_dark_oak_log":6,"minecraft:crimson_nylium":100,"immersiveengineering:hammer":1,"minecraft:mangrove_propagule":2,"minecraft:ender_pearl":12,"minecraft:wheat":1095,"chipped:cobbled_nether_bricks":19,"immersiveengineering:craftingtable":2,"minecraft:potion":1,"born_in_chaos_v1:bloody_gadfly_eye":6,"born_in_chaos_v1:black_argillite":90,"immersiveengineering:plate_lead":2,"minecraft:raw_copper":686,"born_in_chaos_v1:dark_upgrade":1,"minecraft:sea_pickle":3,"alexsmobs:banana":1,"minecraft:furnace":9,"minecraft:stick":554,"chipped:iron_bowl_soul_lantern":3,"minecraft:oak_fence":12,"born_in_chaos_v1:phantom_powder":5,"minecraft:torch":181,"storagedrawers:spruce_full_drawers_4":6,"minecraft:porkchop":16,"tombstone:grave_dust":113,"simplyswords:diamond_warglaive":2,"minecraft:nether_gold_ore":12,"minecraft:cactus":1,"born_in_chaos_v1:sea_terror_eye":4,"mcwfences:spruce_pyramid_gate":14,"mcwfences:nether_brick_pillar_wall":28,"chipped:large_diamond_red_stained_glass":17,"minecraft:cod":1,"chipped:layed_netherrack_bricks":5,"minecraft:magma_cream":17,"croptopia:mango":13,"minecraft:wither_skeleton_skull":5,"minecraft:lapis_lazuli":47,"born_in_chaos_v1:staffofthe_summoner":2,"chipped:magma_block_bricks":4,"born_in_chaos_v1:monster_skin":22,"minecraft:green_candle":3,"minecraft:raw_gold":38,"chipped:vertical_stiped_red_stained_glass":8,"minecraft:oak_planks":217,"minecraft:ghast_tear":1,"framedblocks:framing_saw":4,"minecraft:pink_stained_glass_pane":1,"minecraft:poisonous_potato":28,"connectedglass:clear_glass_red":62,"minecraft:sand":2525,"minecraft:dead_bush":1,"minecraft:cyan_bed":14,"minecraft:chiseled_sandstone":2,"chipped:smooth_inlayed_nether_bricks":22,"minecraft:clay":1,"born_in_chaos_v1:fire_dust":1105,"minecraft:diamond":76,"minecraft:spruce_boat":6,"sophisticatedbackpacks:feeding_upgrade":1,"minecraft:oak_sapling":377,"minecraft:nether_star":1,"minecraft:charcoal":32,"minecraft:chicken":3,"alexsmobs:roadrunner_feather":4,"minecraft:gold_block":5,"chipped:layed_magma_block_bricks":72,"minecraft:iron_axe":3,"minecraft:item_frame":1,"croptopia:pear":21,"minecraft:candle":16,"minecraft:oak_boat":3,"minecraft:lectern":430,"minecraft:sugar_cane":47,"minecraft:spruce_trapdoor":37,"minecraft:phantom_membrane":7,"minecraft:dark_oak_sapling":117,"minecraft:raw_iron":51,"minecraft:orange_dye":1,"minecraft:red_stained_glass_pane":2,"minecraft:music_disc_relic":2,"mcwwindows:spruce_curtain_rod":1,"chipped:reinforced_spruce_crate":8,"mcwwindows:red_mosaic_glass":3,"minecraft:friend_pottery_sherd":1,"connectedglass:clear_glass_yellow":5,"mcwfences:nether_brick_railing_gate":1,"minecraft:dark_oak_planks":41,"minecraft:howl_pottery_sherd":1,"minecraft:arrow":247,"chipped:fancy_orange_stained_glass":8,"framedblocks:framed_trapdoor":89,"framedblocks:framed_sliced_stairs_panel":2,"chipped:curly_nether_bricks_pillar":81,"minecraft:saddle":4,"born_in_chaos_v1:trident_hayfork":2,"immersiveengineering:ingot_steel":1,"born_in_chaos_v1:fused_bone":6,"minecraft:air":0,"minecraft:burn_pottery_sherd":1,"minecraft:glow_ink_sac":1,"minecraft:salmon":5,"minecraft:cut_sandstone":49,"minecraft:nether_wart_block":5,"minecraft:cobblestone_stairs":1,"tombstone:voodoo_poppet":1,"minecraft:wooden_hoe":2,"mcwwindows:oak_four_window":10,"mcwwindows:nether_brick_arrow_slit":48,"minecraft:smooth_sandstone":1,"mcwfences:modern_nether_brick_wall":10,"sophisticatedbackpacks:tank_upgrade":1,"mowziesmobs:umvuthana_mask_misery":1,"minecraft:soul_sand":227,"sophisticatedbackpacks:diamond_backpack":1,"minecraft:book":18,"minecraft:oak_slab":77,"minecraft:scaffolding":399,"minecraft:red_concrete_powder":119,"minecraft:pumpkin":5,"chipped:spiraled_nether_bricks":13,"born_in_chaos_v1:dark_rod":5,"minecraft:mud_brick_wall":2,"minecraft:blast_furnace":7,"minecraft:white_bed":36,"minecraft:dark_oak_fence_gate":2,"minecraft:spider_eye":39,"storagedrawers:spruce_full_drawers_1":2,"born_in_chaos_v1:tombstone_dark_titan_066":2,"tombstone:magic_scroll":15,"minecraft:red_concrete":486,"minecraft:coal":793},"minecraft:custom":{"minecraft:interact_with_crafting_table":273,"minecraft:damage_blocked_by_shield":450,"tombstone:eaten_lollipop":32,"minecraft:play_time":6682240,"minecraft:deaths":58,"minecraft:jump":85403,"tombstone:kill_undead_boss":2,"minecraft:interact_with_cartography_table":1,"tombstone:sneak_grave":1,"tombstone:undead_killed":503,"minecraft:horse_one_cm":1218,"minecraft:interact_with_anvil":33,"minecraft:inspect_hopper":9,"tombstone:raider_killed":87,"minecraft:time_since_rest":4674,"minecraft:swim_one_cm":351277,"minecraft:open_chest":1250,"minecraft:damage_resisted":2227,"minecraft:talked_to_villager":768,"minecraft:interact_with_brewingstand":9,"minecraft:interact_with_beacon":14,"tombstone:villager_killed":4,"minecraft:damage_dealt_resisted":13228,"minecraft:raid_win":2,"minecraft:boat_one_cm":754618,"minecraft:damage_taken":62903,"minecraft:open_barrel":38,"goblintraders:trade_with_goblin":2658,"minecraft:bell_ring":7,"minecraft:leave_game":95,"minecraft:time_since_death":763659,"tombstone:tomb_raiding":1,"minecraft:interact_with_furnace":573,"minecraft:traded_with_villager":442,"minecraft:sleep_in_bed":393,"minecraft:waystone_activated":11,"minecraft:damage_dealt":259067,"minecraft:interact_with_smithing_table":1,"minecraft:damage_dealt_absorbed":408,"minecraft:sneak_time":515034,"minecraft:interact_with_blast_furnace":5,"minecraft:total_world_time":6682240,"minecraft:interact_with_stonecutter":24,"minecraft:fly_one_cm":19878664,"minecraft:fall_one_cm":2541055,"minecraft:animals_bred":14,"minecraft:sprint_one_cm":14104571,"minecraft:drop":1972,"minecraft:walk_on_water_one_cm":208489,"minecraft:player_kills":3,"minecraft:crouch_one_cm":1686933,"minecraft:mob_kills":2984,"minecraft:climb_one_cm":896294,"minecraft:walk_one_cm":17918827,"minecraft:walk_under_water_one_cm":209817,"minecraft:pot_flower":1,"minecraft:interact_with_grindstone":4,"minecraft:damage_absorbed":164,"minecraft:trigger_trapped_chest":6},"minecraft:dropped":{"minecraft:porkchop":7,"minecraft:lapis_lazuli":19,"minecraft:glow_ink_sac":1,"minecraft:glass_bottle":1,"minecraft:diamond":3,"minecraft:cooked_porkchop":4,"minecraft:warped_roots":22,"minecraft:emerald":239,"immersiveengineering:plate_lead":4,"alexsmobs:flying_fish":5,"minecraft:gold_nugget":19,"minecraft:sand":1631,"minecraft:white_wool":2,"tombstone:lollipop":2,"minecraft:iron_nugget":21,"minecraft:cooked_chicken":1,"minecraft:cobbled_deepslate":4,"minecraft:wheat":214,"minecraft:obsidian":3,"tombstone:gift":2,"minecraft:rotten_flesh":231,"minecraft:oak_planks":3,"alexsmobs:blood_sac":4,"minecraft:jungle_log":213,"framedblocks:framed_slab":283,"minecraft:glass":386,"born_in_chaos_v1:marigolds":1,"minecraft:wheat_seeds":142,"minecraft:deepslate_redstone_ore":7,"born_in_chaos_v1:black_argillite_slab":12,"minecraft:book":3,"croptopia:orange":34,"minecraft:golden_apple":4,"immersiveengineering:rs_engineering":4,"minecraft:ink_sac":1,"minecraft:oak_stairs":4,"minecraft:white_banner":4,"minecraft:red_dye":20,"minecraft:chainmail_leggings":1,"minecraft:lily_pad":2,"tombstone:voodoo_poppet":1,"minecraft:skull_pottery_sherd":1,"minecraft:pink_stained_glass_pane":1,"alexsmobs:banana_peel":1,"mcwwindows:oak_four_window":1,"minecraft:stone_shovel":1,"minecraft:white_carpet":15,"minecraft:clay_ball":117,"minecraft:white_terracotta":1,"immersiveengineering:hammer":2,"minecraft:shears":4,"mcwfences:spruce_horse_fence":5,"minecraft:spruce_boat":2,"minecraft:spruce_planks":77,"minecraft:spruce_trapdoor":23,"minecraft:bundle":9,"minecraft:diamond_pickaxe":8,"born_in_chaos_v1:bloody_gadfly_eye":1,"minecraft:stone_pressure_plate":1,"minecraft:stone_bricks":1,"cataclysm:monstrous_helm":2,"minecraft:sandstone":119,"minecraft:bow":4,"sophisticatedbackpacks:copper_backpack":2,"minecraft:red_sand":1,"minecraft:magma_block":47,"minecraft:terracotta":2239,"minecraft:soul_sand":2,"minecraft:moss_block":8,"minecraft:orange_dye":513,"minecraft:warped_fungus":8,"minecraft:oak_log":7,"minecraft:ender_pearl":2,"minecraft:dark_oak_sapling":6,"minecraft:leather":15,"mcwwindows:nether_brick_arrow_slit":2,"minecraft:dark_oak_log":613,"immersiveengineering:ingot_steel":13,"minecraft:snowball":13,"mcwfences:spruce_picket_fence":2,"chipped:ornate_nether_bricks_pillar":8,"simplyswords:gold_greathammer":1,"minecraft:prize_pottery_sherd":1,"mcwfences:nether_brick_railing_gate":17,"minecraft:beetroot":2,"minecraft:cooked_mutton":11,"croptopia:asparagus_seed":2,"sophisticatedbackpacks:diamond_backpack":2,"waystones:warp_stone":1,"immersiveengineering:manual":1,"minecraft:beetroot_seeds":6,"alexsmobs:guster_eye":1,"minecraft:scaffolding":83,"storagedrawers:emerald_storage_upgrade":1,"minecraft:bread":164,"chipped:grill_red_concrete":55,"elevatorid:elevator_yellow":2,"minecraft:amethyst_block":1,"simplyswords:diamond_warglaive":3,"minecraft:tropical_fish":1,"minecraft:spruce_stairs":24,"minecraft:iron_block":64,"minecraft:milk_bucket":3,"tombstone:grave_key":1,"born_in_chaos_v1:staffofthe_summoner":3,"minecraft:nether_wart_block":5,"alexsmobs:dropbear_claw":7,"minecraft:redstone_block":1,"minecraft:chiseled_sandstone":2,"minecraft:kelp":3,"chipped:netherrack_scales":10,"immersiveengineering:stick_steel":4,"minecraft:oak_trapdoor":1,"mcwwindows:red_mosaic_glass":8,"mcwfences:oak_stockade_fence":1,"minecraft:flint_and_steel":1,"minecraft:gray_terracotta":1,"minecraft:golden_leggings":3,"minecraft:oak_sapling":169,"minecraft:miner_pottery_sherd":1,"minecraft:spruce_log":177,"croptopia:peach":18,"simplyswords:diamond_scythe":1,"immersiveengineering:hemp_fiber":16,"minecraft:brick":33,"minecraft:clay":1,"minecraft:piston":1,"chipped:bordered_netherrack":4,"minecraft:cooked_beef":2,"elevatorid:elevator_white":2,"minecraft:crossbow":7,"born_in_chaos_v1:dark_ritual_dagger":1,"minecraft:rail":16,"minecraft:leather_helmet":1,"sophisticatedbackpacks:gold_backpack":2,"born_in_chaos_v1:monster_flesh":1,"minecraft:dirt":542,"minecraft:yellow_dye":254,"chipped:carpenters_table":1,"minecraft:jungle_sapling":7,"born_in_chaos_v1:trident_hayfork":1,"minecraft:bone_meal":10,"minecraft:sunflower":64,"minecraft:sugar":2,"minecraft:iron_pickaxe":1,"connectedglass:clear_glass_red":1,"minecraft:bone":26,"immersiveengineering:hemp_fabric":2,"minecraft:polished_blackstone_wall":1,"sophisticatedbackpacks:advanced_magnet_upgrade":1,"minecraft:nether_brick":36,"minecraft:birch_sapling":4,"chipped:reinforced_spruce_crate":12,"minecraft:white_bed":1,"minecraft:red_stained_glass_pane":2,"minecraft:yellow_stained_glass_pane":1,"minecraft:charcoal":111,"croptopia:broccoli_seed":1,"minecraft:hopper":12,"minecraft:ladder":1,"minecraft:spruce_slab":6,"minecraft:enchanted_book":6,"minecraft:iron_ingot":1,"born_in_chaos_v1:intoxicating_decoction":1,"minecraft:blue_stained_glass_pane":1,"minecraft:mourner_pottery_sherd":1,"minecraft:oak_fence":2,"minecraft:feather":12,"minecraft:cobblestone":1002,"minecraft:apple":50,"elevatorid:elevator_purple":1,"born_in_chaos_v1:soul_cutlass":2,"minecraft:coal":180,"minecraft:oxeye_daisy":6,"minecraft:wooden_hoe":2,"minecraft:rabbit":4,"immersiveengineering:connector_lv_relay":7,"chipped:massive_stone_bricks":731,"minecraft:paper":24,"minecraft:string":18,"chipped:small_gray_terracotta_tiles":1,"minecraft:spruce_sapling":113,"born_in_chaos_v1:black_argillite_stairs":12,"minecraft:moss_carpet":5,"minecraft:stone_sword":8,"minecraft:deepslate":1,"born_in_chaos_v1:rotten_fish":9,"minecraft:stone_slab":5,"minecraft:nether_bricks":1,"minecraft:spruce_fence":38,"minecraft:potato":2417,"minecraft:cobblestone_slab":454,"minecraft:hay_block":1,"minecraft:stone":2454,"croptopia:pear":17,"immersiveengineering:dynamo":1,"minecraft:spider_eye":9,"minecraft:orange_stained_glass_pane":16,"mcwfences:railing_nether_brick_wall":3,"mcwfences:nether_brick_pillar_wall":1,"minecraft:crimson_nylium":34,"minecraft:diamond_axe":2,"minecraft:baked_potato":675,"minecraft:flint":10,"minecraft:spruce_leaves":384,"minecraft:cornflower":1,"minecraft:crimson_roots":13,"minecraft:seagrass":2,"minecraft:cut_sandstone":10,"mcwwindows:orange_mosaic_glass":8,"minecraft:pumpkin_pie":6,"minecraft:gilded_blackstone":3,"immersiveengineering:raw_lead":1,"minecraft:birch_log":19,"minecraft:gravel":933,"minecraft:crimson_fungus":5,"minecraft:blackstone":3,"minecraft:mangrove_roots":13,"born_in_chaos_v1:fire_dust":36,"born_in_chaos_v1:ethereal_spirit":5,"minecraft:diamond_shovel":1,"minecraft:carrot":298,"minecraft:chainmail_chestplate":2,"minecraft:poppy":204,"minecraft:rabbit_hide":2,"minecraft:gunpowder":8,"minecraft:melon_seeds":2,"born_in_chaos_v1:corpse_maggot":117,"minecraft:azalea":2,"minecraft:chest":1,"minecraft:chainmail_boots":1,"minecraft:blackstone_slab":2,"minecraft:arrow":131,"minecraft:quartz":18,"immersiveengineering:seed":137,"minecraft:written_book":2,"minecraft:netherrack":991,"minecraft:water_bucket":1,"minecraft:oak_slab":15,"minecraft:stripped_spruce_log":2,"minecraft:red_concrete_powder":159,"minecraft:mossy_cobblestone":7,"minecraft:minecart":34,"minecraft:diamond_leggings":4,"minecraft:poisonous_potato":19,"minecraft:lead":2,"minecraft:hopper_minecart":4,"minecraft:copper_ingot":1,"minecraft:grass_block":1,"minecraft:stick":210,"minecraft:blue_dye":2,"minecraft:nether_gold_ore":4,"born_in_chaos_v1:river_mint":2,"minecraft:diorite":2,"minecraft:torch":32,"tombstone:grave_dust":7,"immersiveengineering:shader_bag_epic":1,"minecraft:flowering_azalea":1,"minecraft:iron_axe":1,"minecraft:bucket":2,"minecraft:dandelion":13,"minecraft:smooth_basalt":1,"minecraft:redstone":224,"minecraft:red_concrete":1,"minecraft:nether_brick_slab":1,"alexsmobs:maggot":2,"minecraft:warped_nylium":23,"minecraft:coarse_dirt":51,"minecraft:nether_wart":26,"minecraft:blaze_rod":7,"minecraft:raw_iron":4,"minecraft:iron_hoe":1,"croptopia:cherry":1,"cataclysm:stone_tiles":256,"minecraft:red_terracotta":3,"minecraft:filled_map":1,"minecraft:diamond_chestplate":3,"alexsmobs:pocket_sand":1,"minecraft:orange_terracotta":1,"fantasyfurniture:nordic/wool":41,"minecraft:oak_boat":1,"minecraft:golden_sword":11,"minecraft:diamond_boots":2,"immersiveengineering:connector_lv":4,"minecraft:raw_gold":2,"minecraft:nether_quartz_ore":14},"minecraft:used":{"minecraft:moss_block":3,"minecraft:writable_book":1,"minecraft:poppy":1,"minecraft:stone":214,"framedblocks:framed_double_stairs":53,"minecraft:soul_sand":195,"chipped:magma_block_bricks":4,"mcwwindows:oak_four_window":49,"minecraft:azure_bluet":4,"mcwwindows:red_mosaic_glass":3,"minecraft:spruce_boat":6,"minecraft:lava_bucket":217,"immersiveengineering:connector_lv_relay":1,"chipped:bordered_netherrack":73,"born_in_chaos_v1:mint_candy":1,"minecraft:dark_oak_slab":291,"framedblocks:framed_panel":81,"minecraft:bow":376,"minecraft:oak_sapling":18,"minecraft:mangrove_slab":8,"chipped:loom_table":2,"minecraft:mossy_stone_bricks":1,"framedblocks:framed_elevated_double_slope_edge":1,"minecraft:blackstone":94,"minecraft:cactus":1,"storagedrawers:spruce_full_drawers_2":40,"minecraft:golden_apple":3,"simplyswords:diamond_warglaive":4,"chipped:red_concrete_pillar":6,"minecraft:blast_furnace":8,"minecraft:diamond_sword":1333,"chipped:fancy_red_stained_glass":7,"minecraft:smithing_table":2,"chipped:cut_red_nether_bricks_column":480,"minecraft:oak_boat":3,"chipped:fine_nether_bricks_pillar":234,"chipped:massive_stone_bricks":18045,"minecraft:oak_trapdoor":34,"camera:image_frame":1,"alexsmobs:banana_peel":2,"minecraft:polished_blackstone_brick_slab":1,"minecraft:carved_pumpkin":1,"chipped:ornate_nether_bricks_pillar":949,"born_in_chaos_v1:black_argillite_slab":9,"chipped:fancy_orange_stained_glass":7,"minecraft:polished_blackstone_wall":2,"minecraft:cooked_salmon":1,"minecraft:torch":519,"minecraft:orange_stained_glass":718,"minecraft:brewing_stand":2,"minecraft:nether_quartz_ore":2,"minecraft:oak_fence_gate":4,"immersiveengineering:workbench":1,"minecraft:iron_block":616,"chipped:reinforced_shroomlight":4,"chipped:smooth_netherrack_column":157,"chipped:woven_red_stained_glass":2,"framedblocks:framed_vertical_double_stairs":3,"minecraft:barrel":19,"minecraft:bamboo":28,"minecraft:diamond_chestplate":1,"chipped:thick_inlayed_nether_bricks":61,"chipped:rough_nether_bricks":7,"sophisticatedbackpacks:gold_backpack":3,"minecraft:wheat_seeds":248,"chipped:tiny_netherrack_bricks":394,"fantasyfurniture:nordic/wool":23,"storagedrawers:spruce_full_drawers_4":26,"minecraft:cauldron":1,"framedblocks:framed_tube":1,"born_in_chaos_v1:black_argillite_stairs":11,"croptopia:apple_sapling":8,"minecraft:red_bed":1,"chipped:grill_red_concrete":46,"minecraft:white_bed":42,"minecraft:spruce_log":210,"chipped:curly_nether_bricks_pillar":170,"minecraft:diamond_pickaxe":43943,"minecraft:diamond_shovel":15130,"chipped:vertical_stiped_orange_stained_glass":6,"tombstone:magic_scroll":7,"minecraft:spruce_trapdoor":46,"chipped:reinforced_spruce_crate":2,"minecraft:spruce_sapling":71,"chipped:raster_orange_stained_glass":3,"fantasyfurniture:furniture_station":1,"connectedglass:clear_glass_red":1115,"minecraft:cooked_porkchop":4,"mcwfences:nether_brick_pillar_wall":37,"minecraft:brush":127,"minecraft:stripped_oak_log":7,"minecraft:dandelion":2,"chipped:netherrack_scales":542,"minecraft:moss_carpet":1,"minecraft:red_sand":5,"chipped:loded_red_nether_bricks":40,"minecraft:nether_wart":146,"tombstone:lollipop":32,"chipped:cracked_magma_block_bricks":145,"minecraft:spruce_leaves":831,"alexsmobs:pocket_sand":35,"cataclysm:stone_tiles":3,"immersiveengineering:cokebrick":27,"minecraft:obsidian":32,"tombstone:decorative_grave_simple":1,"immersiveengineering:watermill":1,"minecraft:lantern":5,"minecraft:warped_nylium":18,"minecraft:item_frame":1,"minecraft:golden_sword":7,"minecraft:red_nether_brick_wall":32,"minecraft:written_book":3,"born_in_chaos_v1:fel_lamp":1,"minecraft:dark_oak_sapling":26,"minecraft:wither_skeleton_skull":5,"minecraft:oak_planks":230,"chipped:woven_orange_stained_glass":85,"minecraft:sandstone":57,"minecraft:sugar_cane":27,"minecraft:diamond_axe":2887,"mcwfences:modern_nether_brick_wall":133,"minecraft:white_wool":13,"chipped:brick_bordered_nether_bricks":1,"mcwwindows:nether_brick_arrow_slit":86,"simplyswords:iron_chakram":3,"chipped:spiraled_nether_bricks":13,"waystones:waystone":5,"minecraft:lever":5,"minecraft:dark_oak_log":228,"minecraft:bread":171,"mcwfences:oak_stockade_fence":70,"born_in_chaos_v1:pumpkin_staff":2,"chipped:carved_nether_bricks":13,"tombstone:grave_key":16,"born_in_chaos_v1:marigolds":13,"minecraft:deepslate":8,"mcwwindows:orange_mosaic_glass":4,"born_in_chaos_v1:river_mint":3,"minecraft:coarse_dirt":88,"minecraft:bone_meal":879,"minecraft:rose_bush":6,"sophisticatedbackpacks:iron_backpack":7,"chipped:tinkering_table":1,"minecraft:flint_and_steel":68,"mowziesmobs:umvuthana_mask_misery":1,"minecraft:redstone":86,"framedblocks:framed_stairs":24,"born_in_chaos_v1:black_argillite":1,"minecraft:cooked_chicken":2,"minecraft:dirt":3133,"minecraft:red_nether_brick_slab":93,"minecraft:spruce_fence":131,"minecraft:iron_hoe":456,"mcwfences:nether_brick_railing_gate":2,"minecraft:oak_stairs":313,"minecraft:smooth_sandstone":1,"framedblocks:framed_slab_edge":41,"minecraft:soul_soil":6,"minecraft:minecart":13,"chipped:shroomlight_lodestone_side":1,"minecraft:cooked_beef":1,"framedblocks:framed_trapdoor":310,"minecraft:orange_stained_glass_pane":1,"immersiveengineering:cloche":1,"born_in_chaos_v1:trident_hayfork":263,"minecraft:baked_potato":800,"minecraft:red_nether_bricks":2,"minecraft:cut_sandstone":40,"minecraft:spruce_sign":1,"minecraft:green_bed":1,"framedblocks:framed_flat_elev_inner_double_slope_slab_corner":1,"minecraft:warped_roots":6,"connectedglass:clear_glass":4,"minecraft:gray_terracotta":1,"minecraft:stone_axe":51,"born_in_chaos_v1:pile_of_skulls":1,"minecraft:crimson_fungus":2,"croptopia:peach_sapling":4,"born_in_chaos_v1:tombstone_dark_titan_066":1,"connectedglass:clear_glass_yellow":8,"alexsmobs:emu_egg":2,"minecraft:polished_blackstone":1,"minecraft:spruce_slab":219,"sophisticatedbackpacks:copper_backpack":4,"minecraft:ladder":8,"minecraft:chest":13,"immersiveengineering:craftingtable":2,"minecraft:brick_slab":1,"born_in_chaos_v1:soul_cutlass":3,"immersiveengineering:balloon":32,"minecraft:grass_block":372,"minecraft:birch_sapling":1,"minecraft:copper_ore":30,"chipped:checkered_nether_bricks_tiles":364,"minecraft:red_stained_glass_pane":2,"minecraft:dark_oak_boat":5,"minecraft:furnace":16,"chipped:iron_bowl_soul_lantern":3,"minecraft:egg":4,"minecraft:potato":129,"mowziesmobs:foliaath_seed":2,"minecraft:diorite":2,"minecraft:spruce_door":1,"minecraft:red_stained_glass":699,"chipped:layed_netherrack_bricks":5,"minecraft:orange_tulip":3,"storagedrawers:spruce_full_drawers_1":3,"elevatorid:elevator_white":14,"minecraft:dark_oak_trapdoor":189,"minecraft:sand":53,"framedblocks:framing_saw":5,"chipped:vertical_stiped_red_stained_glass":7,"croptopia:nectarine":2,"immersiveengineering:hammer":4,"chipped:massive_nether_bricks_bricks":1134,"minecraft:lectern":432,"chipped:layed_magma_block_bricks":199,"connectedglass:clear_glass_orange":909,"chipped:raster_red_stained_glass":2,"minecraft:fire_charge":1,"chipped:small_gray_terracotta_tiles":564,"minecraft:dark_oak_fence":25,"born_in_chaos_v1:dark_ritual_dagger":4,"minecraft:stone_sword":8,"minecraft:red_concrete":454,"framedblocks:framed_slab":1812,"minecraft:netherrack":3231,"chipped:tiny_layered_magma_block_bricks":3,"minecraft:anvil":2,"minecraft:warped_wart_block":3,"immersiveengineering:creosote_bucket":1,"minecraft:nether_brick_slab":635,"mcwfences:oak_horse_fence":72,"chipped:cut_nether_bricks_column":471,"minecraft:shroomlight":1,"minecraft:nether_brick_stairs":278,"born_in_chaos_v1:supreme_measure":15,"simplyswords:diamond_scythe":1978,"minecraft:rooted_dirt":2,"minecraft:iron_axe":629,"minecraft:brick_stairs":1,"storagedrawers:controller":1,"minecraft:totem_of_undying":2,"framedblocks:framed_masonry_corner":2,"minecraft:goat_horn":7,"tombstone:gift":24,"minecraft:orange_terracotta":3,"minecraft:cobbled_deepslate":12,"chipped:loded_netherrack":4,"minecraft:golden_axe":32,"minecraft:water_bucket":40,"fantasyfurniture:venthyr/desk_left":1,"minecraft:fletching_table":8,"minecraft:polished_blackstone_bricks":4,"simplyswords:gold_greathammer":1,"minecraft:mossy_cobblestone":14,"minecraft:oak_slab":390,"minecraft:crafting_table":10,"chipped:large_diamond_orange_stained_glass":6,"mcwwindows:spruce_curtain_rod":1,"minecraft:dark_oak_fence_gate":74,"minecraft:cod":1,"minecraft:oak_log":709,"minecraft:cornflower":2,"chipped:botanist_workbench":1,"minecraft:oxeye_daisy":1,"chipped:small_magma_block_bricks":13,"minecraft:sunflower":2,"minecraft:iron_pickaxe":750,"immersiveengineering:lantern":4,"born_in_chaos_v1:staffofthe_summoner":15,"minecraft:crimson_nylium":38,"minecraft:cobblestone":1039,"minecraft:red_concrete_powder":1688,"croptopia:pear_sapling":2,"framedblocks:framed_double_slope_slab":1,"minecraft:iron_shovel":713,"born_in_chaos_v1:intoxicating_decoction":1,"minecraft:shield":1,"minecraft:white_terracotta":1,"framedblocks:framed_double_prism":1,"minecraft:smooth_sandstone_stairs":2,"chipped:edged_nether_bricks_bricks":89,"minecraft:nether_bricks":294,"minecraft:carrot":1139,"chipped:pegged_red_concrete":6,"minecraft:milk_bucket":6,"sophisticatedbackpacks:diamond_backpack":1,"minecraft:glass":18,"minecraft:coal_ore":17,"immersiveengineering:turntable":2,"alexsmobs:gustmaker":1,"minecraft:crimson_roots":19,"born_in_chaos_v1:gnawed_bones":1,"mcwfences:railing_nether_brick_wall":73,"minecraft:stone_bricks":3,"chipped:massive_netherrack_bricks":9,"minecraft:redstone_lamp":129,"minecraft:magma_block":3098,"minecraft:scaffolding":353,"minecraft:hay_block":4,"chipped:spiraled_magma_block":1,"cataclysm:stone_tile_slab":2,"framedblocks:framed_sliced_stairs_panel":2,"mcwfences:spruce_pyramid_gate":17,"minecraft:dark_oak_stairs":290,"connectedglass:borderless_glass_orange":1,"chipped:tiny_nether_bricks_bricks":7,"chipped:engraved_nether_bricks":6,"minecraft:dark_oak_sign":32,"minecraft:blue_bed":7,"framedblocks:framed_divided_slab":62,"framedblocks:framed_wall":26,"minecraft:light_gray_terracotta":1,"minecraft:shears":725,"minecraft:heavy_weighted_pressure_plate":1,"minecraft:cyan_bed":14,"minecraft:gravel":7,"mcwwindows:red_mosaic_glass_pane":41,"minecraft:grindstone":3,"connectedglass:borderless_glass_red":1,"minecraft:andesite":27,"minecraft:cobweb":10,"mcwwindows:orange_mosaic_glass_pane":36,"minecraft:oak_fence":13,"framedblocks:framed_fence":51,"minecraft:stone_shovel":142,"minecraft:spruce_planks":329,"minecraft:wooden_shovel":3,"minecraft:oak_door":4,"minecraft:white_carpet":1,"minecraft:hopper":14,"minecraft:spruce_stairs":268,"minecraft:diamond_helmet":4,"minecraft:oak_wood":7,"chipped:large_diamond_red_stained_glass":90,"minecraft:dark_oak_planks":34,"minecraft:bookshelf":8,"minecraft:yellow_stained_glass":7,"chipped:glassblower":1,"connectedglass:borderless_glass":4,"chipped:smooth_nether_bricks_column":9,"chipped:bordered_nether_bricks":148,"chipped:small_red_stained_glass":8,"chipped:cobbled_nether_bricks":113,"mcwfences:spruce_horse_fence":48,"minecraft:stone_pressure_plate":1,"minecraft:brown_bed":2,"minecraft:cooked_mutton":8,"mcwwindows:oak_window2":4,"croptopia:apricot":8,"minecraft:beacon":3,"minecraft:stonecutter":4,"minecraft:cobblestone_slab":577,"minecraft:stripped_dark_oak_log":5,"minecraft:terracotta":2,"chipped:mason_table":6,"born_in_chaos_v1:cultivated_pumpkin":1,"chipped:vertical_stiped_yellow_stained_glass_pane":9,"minecraft:nether_gold_ore":2,"tombstone:bag_of_seeds":3,"minecraft:apple":46,"croptopia:orange_sapling":4,"minecraft:mud_brick_wall":2,"minecraft:white_banner":4,"minecraft:bucket":292,"chipped:smooth_inlayed_nether_bricks":146,"chipped:nether_bricks_scales":41}},"DataVersion":3465}